year,adm_cd,adm_nm,bn_cd,bn_nm,cnt
2019,29010110,조치원읍,cp_bnu_003,제조업,197
2019,29010110,조치원읍,cp_bnu_005,"수도, 하수 및 폐기물처리, 원료 재생업",8
2019,29010110,조치원읍,cp_bnu_006,건설업,132
2019,29010110,조치원읍,cp_bnu_007,도매 및 소매업,966
2019,29010110,조치원읍,cp_bnu_008,운수 및 창고업,24
2019,29010110,조치원읍,cp_bnu_009,숙박 및 음식점업,934
2019,29010110,조치원읍,cp_bnu_010,정보통신업,33
2019,29010110,조치원읍,cp_bnu_011,금융 및 보험업,35
2019,29010110,조치원읍,cp_bnu_012,부동산업,133
2019,29010110,조치원읍,cp_bnu_013,"전문, 과학 및 기술 서비스업",128
2019,29010110,조치원읍,cp_bnu_014,"사업시설관리, 사업지원 및 임대 서비스업",87
2019,29010110,조치원읍,cp_bnu_015,"공공행정, 국방 및 사회보장 행정",14
2019,29010110,조치원읍,cp_bnu_016,교육 서비스업,148
2019,29010110,조치원읍,cp_bnu_017,보건업 및 사회복지 서비스업,154
2019,29010110,조치원읍,cp_bnu_018,"예술, 스포츠 및 여가관련 서비스업",165
2019,29010110,조치원읍,cp_bnu_019,"협회 및 단체, 수리 및 기타 개인 서비스업",451
2019,29010311,연기면,cp_bnu_003,제조업,40
2019,29010311,연기면,cp_bnu_006,건설업,19
2019,29010311,연기면,cp_bnu_007,도매 및 소매업,45
2019,29010311,연기면,cp_bnu_008,운수 및 창고업,8
2019,29010311,연기면,cp_bnu_009,숙박 및 음식점업,42
2019,29010311,연기면,cp_bnu_012,부동산업,33
2019,29010311,연기면,cp_bnu_014,"사업시설관리, 사업지원 및 임대 서비스업",6
2019,29010311,연기면,cp_bnu_016,교육 서비스업,5
2019,29010311,연기면,cp_bnu_017,보건업 및 사회복지 서비스업,5
2019,29010311,연기면,cp_bnu_018,"예술, 스포츠 및 여가관련 서비스업",7
2019,29010311,연기면,cp_bnu_019,"협회 및 단체, 수리 및 기타 개인 서비스업",30
2019,29010312,연동면,cp_bnu_001,"농업, 임업 및 어업",6
2019,29010312,연동면,cp_bnu_003,제조업,89
2019,29010312,연동면,cp_bnu_006,건설업,14
2019,29010312,연동면,cp_bnu_007,도매 및 소매업,60
2019,29010312,연동면,cp_bnu_008,운수 및 창고업,24
2019,29010312,연동면,cp_bnu_009,숙박 및 음식점업,47
2019,29010312,연동면,cp_bnu_010,정보통신업,5
2019,29010312,연동면,cp_bnu_012,부동산업,31
2019,29010312,연동면,cp_bnu_013,"전문, 과학 및 기술 서비스업",7
2019,29010312,연동면,cp_bnu_014,"사업시설관리, 사업지원 및 임대 서비스업",6
2019,29010312,연동면,cp_bnu_017,보건업 및 사회복지 서비스업,6
2019,29010312,연동면,cp_bnu_019,"협회 및 단체, 수리 및 기타 개인 서비스업",24
2019,29010330,부강면,cp_bnu_003,제조업,167
2019,29010330,부강면,cp_bnu_005,"수도, 하수 및 폐기물처리, 원료 재생업",15
2019,29010330,부강면,cp_bnu_006,건설업,38
2019,29010330,부강면,cp_bnu_007,도매 및 소매업,160
2019,29010330,부강면,cp_bnu_008,운수 및 창고업,40
2019,29010330,부강면,cp_bnu_009,숙박 및 음식점업,185
2019,29010330,부강면,cp_bnu_012,부동산업,40
2019,29010330,부강면,cp_bnu_013,"전문, 과학 및 기술 서비스업",8
2019,29010330,부강면,cp_bnu_014,"사업시설관리, 사업지원 및 임대 서비스업",25
2019,29010330,부강면,cp_bnu_016,교육 서비스업,12
2019,29010330,부강면,cp_bnu_017,보건업 및 사회복지 서비스업,20
2019,29010330,부강면,cp_bnu_018,"예술, 스포츠 및 여가관련 서비스업",18
2019,29010330,부강면,cp_bnu_019,"협회 및 단체, 수리 및 기타 개인 서비스업",73
2019,29010340,금남면,cp_bnu_003,제조업,73
2019,29010340,금남면,cp_bnu_006,건설업,55
2019,29010340,금남면,cp_bnu_007,도매 및 소매업,167
2019,29010340,금남면,cp_bnu_008,운수 및 창고업,10
2019,29010340,금남면,cp_bnu_009,숙박 및 음식점업,189
2019,29010340,금남면,cp_bnu_010,정보통신업,10
2019,29010340,금남면,cp_bnu_011,금융 및 보험업,6
2019,29010340,금남면,cp_bnu_012,부동산업,66
2019,29010340,금남면,cp_bnu_013,"전문, 과학 및 기술 서비스업",17
2019,29010340,금남면,cp_bnu_014,"사업시설관리, 사업지원 및 임대 서비스업",28
2019,29010340,금남면,cp_bnu_016,교육 서비스업,12
2019,29010340,금남면,cp_bnu_017,보건업 및 사회복지 서비스업,21
2019,29010340,금남면,cp_bnu_018,"예술, 스포츠 및 여가관련 서비스업",19
2019,29010340,금남면,cp_bnu_019,"협회 및 단체, 수리 및 기타 개인 서비스업",88
2019,29010350,장군면,cp_bnu_003,제조업,63
2019,29010350,장군면,cp_bnu_006,건설업,35
2019,29010350,장군면,cp_bnu_007,도매 및 소매업,150
2019,29010350,장군면,cp_bnu_008,운수 및 창고업,5
2019,29010350,장군면,cp_bnu_009,숙박 및 음식점업,140
2019,29010350,장군면,cp_bnu_010,정보통신업,18
2019,29010350,장군면,cp_bnu_011,금융 및 보험업,6
2019,29010350,장군면,cp_bnu_012,부동산업,70
2019,29010350,장군면,cp_bnu_013,"전문, 과학 및 기술 서비스업",18
2019,29010350,장군면,cp_bnu_014,"사업시설관리, 사업지원 및 임대 서비스업",15
2019,29010350,장군면,cp_bnu_016,교육 서비스업,18
2019,29010350,장군면,cp_bnu_017,보건업 및 사회복지 서비스업,14
2019,29010350,장군면,cp_bnu_018,"예술, 스포츠 및 여가관련 서비스업",20
2019,29010350,장군면,cp_bnu_019,"협회 및 단체, 수리 및 기타 개인 서비스업",60
2019,29010360,연서면,cp_bnu_003,제조업,131
2019,29010360,연서면,cp_bnu_005,"수도, 하수 및 폐기물처리, 원료 재생업",8
2019,29010360,연서면,cp_bnu_006,건설업,73
2019,29010360,연서면,cp_bnu_007,도매 및 소매업,177
2019,29010360,연서면,cp_bnu_008,운수 및 창고업,11
2019,29010360,연서면,cp_bnu_009,숙박 및 음식점업,112
2019,29010360,연서면,cp_bnu_010,정보통신업,9
2019,29010360,연서면,cp_bnu_012,부동산업,56
2019,29010360,연서면,cp_bnu_013,"전문, 과학 및 기술 서비스업",12
2019,29010360,연서면,cp_bnu_014,"사업시설관리, 사업지원 및 임대 서비스업",19
2019,29010360,연서면,cp_bnu_015,"공공행정, 국방 및 사회보장 행정",6
2019,29010360,연서면,cp_bnu_016,교육 서비스업,20
2019,29010360,연서면,cp_bnu_017,보건업 및 사회복지 서비스업,22
2019,29010360,연서면,cp_bnu_018,"예술, 스포츠 및 여가관련 서비스업",14
2019,29010360,연서면,cp_bnu_019,"협회 및 단체, 수리 및 기타 개인 서비스업",72
2019,29010370,전의면,cp_bnu_003,제조업,162
2019,29010370,전의면,cp_bnu_005,"수도, 하수 및 폐기물처리, 원료 재생업",8
2019,29010370,전의면,cp_bnu_006,건설업,40
2019,29010370,전의면,cp_bnu_007,도매 및 소매업,121
2019,29010370,전의면,cp_bnu_008,운수 및 창고업,13
2019,29010370,전의면,cp_bnu_009,숙박 및 음식점업,113
2019,29010370,전의면,cp_bnu_012,부동산업,23
2019,29010370,전의면,cp_bnu_013,"전문, 과학 및 기술 서비스업",9
2019,29010370,전의면,cp_bnu_014,"사업시설관리, 사업지원 및 임대 서비스업",21
2019,29010370,전의면,cp_bnu_016,교육 서비스업,14
2019,29010370,전의면,cp_bnu_017,보건업 및 사회복지 서비스업,19
2019,29010370,전의면,cp_bnu_018,"예술, 스포츠 및 여가관련 서비스업",19
2019,29010370,전의면,cp_bnu_019,"협회 및 단체, 수리 및 기타 개인 서비스업",51
2019,29010380,전동면,cp_bnu_001,"농업, 임업 및 어업",5
2019,29010380,전동면,cp_bnu_003,제조업,126
2019,29010380,전동면,cp_bnu_005,"수도, 하수 및 폐기물처리, 원료 재생업",8
2019,29010380,전동면,cp_bnu_006,건설업,23
2019,29010380,전동면,cp_bnu_007,도매 및 소매업,55
2019,29010380,전동면,cp_bnu_009,숙박 및 음식점업,37
2019,29010380,전동면,cp_bnu_012,부동산업,10
2019,29010380,전동면,cp_bnu_014,"사업시설관리, 사업지원 및 임대 서비스업",11
2019,29010380,전동면,cp_bnu_017,보건업 및 사회복지 서비스업,14
2019,29010380,전동면,cp_bnu_018,"예술, 스포츠 및 여가관련 서비스업",8
2019,29010380,전동면,cp_bnu_019,"협회 및 단체, 수리 및 기타 개인 서비스업",25
2019,29010390,소정면,cp_bnu_003,제조업,74
2019,29010390,소정면,cp_bnu_006,건설업,23
2019,29010390,소정면,cp_bnu_007,도매 및 소매업,83
2019,29010390,소정면,cp_bnu_008,운수 및 창고업,6
2019,29010390,소정면,cp_bnu_009,숙박 및 음식점업,54
2019,29010390,소정면,cp_bnu_016,교육 서비스업,7
2019,29010390,소정면,cp_bnu_019,"협회 및 단체, 수리 및 기타 개인 서비스업",23
2019,29010513,반곡동,cp_bnu_003,제조업,13
2019,29010513,반곡동,cp_bnu_007,도매 및 소매업,32
2019,29010513,반곡동,cp_bnu_009,숙박 및 음식점업,37
2019,29010513,반곡동,cp_bnu_011,금융 및 보험업,6
2019,29010513,반곡동,cp_bnu_012,부동산업,29
2019,29010513,반곡동,cp_bnu_013,"전문, 과학 및 기술 서비스업",21
2019,29010513,반곡동,cp_bnu_016,교육 서비스업,20
2019,29010513,반곡동,cp_bnu_017,보건업 및 사회복지 서비스업,12
2019,29010513,반곡동,cp_bnu_019,"협회 및 단체, 수리 및 기타 개인 서비스업",8
2019,29010514,도담동,cp_bnu_003,제조업,14
2019,29010514,도담동,cp_bnu_006,건설업,11
2019,29010514,도담동,cp_bnu_007,도매 및 소매업,123
2019,29010514,도담동,cp_bnu_009,숙박 및 음식점업,224
2019,29010514,도담동,cp_bnu_012,부동산업,98
2019,29010514,도담동,cp_bnu_013,"전문, 과학 및 기술 서비스업",15
2019,29010514,도담동,cp_bnu_014,"사업시설관리, 사업지원 및 임대 서비스업",13
2019,29010514,도담동,cp_bnu_016,교육 서비스업,94
2019,29010514,도담동,cp_bnu_017,보건업 및 사회복지 서비스업,53
2019,29010514,도담동,cp_bnu_018,"예술, 스포츠 및 여가관련 서비스업",38
2019,29010514,도담동,cp_bnu_019,"협회 및 단체, 수리 및 기타 개인 서비스업",87
2019,29010515,어진동,cp_bnu_003,제조업,35
2019,29010515,어진동,cp_bnu_006,건설업,25
2019,29010515,어진동,cp_bnu_007,도매 및 소매업,229
2019,29010515,어진동,cp_bnu_008,운수 및 창고업,6
2019,29010515,어진동,cp_bnu_009,숙박 및 음식점업,287
2019,29010515,어진동,cp_bnu_010,정보통신업,34
2019,29010515,어진동,cp_bnu_011,금융 및 보험업,29
2019,29010515,어진동,cp_bnu_012,부동산업,66
2019,29010515,어진동,cp_bnu_013,"전문, 과학 및 기술 서비스업",62
2019,29010515,어진동,cp_bnu_014,"사업시설관리, 사업지원 및 임대 서비스업",38
2019,29010515,어진동,cp_bnu_015,"공공행정, 국방 및 사회보장 행정",58
2019,29010515,어진동,cp_bnu_016,교육 서비스업,27
2019,29010515,어진동,cp_bnu_017,보건업 및 사회복지 서비스업,45
2019,29010515,어진동,cp_bnu_018,"예술, 스포츠 및 여가관련 서비스업",26
2019,29010515,어진동,cp_bnu_019,"협회 및 단체, 수리 및 기타 개인 서비스업",51
2019,29010521,새롬동,cp_bnu_003,제조업,9
2019,29010521,새롬동,cp_bnu_007,도매 및 소매업,95
2019,29010521,새롬동,cp_bnu_009,숙박 및 음식점업,131
2019,29010521,새롬동,cp_bnu_012,부동산업,103
2019,29010521,새롬동,cp_bnu_013,"전문, 과학 및 기술 서비스업",6
2019,29010521,새롬동,cp_bnu_014,"사업시설관리, 사업지원 및 임대 서비스업",5
2019,29010521,새롬동,cp_bnu_016,교육 서비스업,152
2019,29010521,새롬동,cp_bnu_017,보건업 및 사회복지 서비스업,65
2019,29010521,새롬동,cp_bnu_018,"예술, 스포츠 및 여가관련 서비스업",20
2019,29010521,새롬동,cp_bnu_019,"협회 및 단체, 수리 및 기타 개인 서비스업",68
2019,29010522,나성동,cp_bnu_003,제조업,34
2019,29010522,나성동,cp_bnu_005,"수도, 하수 및 폐기물처리, 원료 재생업",5
2019,29010522,나성동,cp_bnu_006,건설업,48
2019,29010522,나성동,cp_bnu_007,도매 및 소매업,233
2019,29010522,나성동,cp_bnu_008,운수 및 창고업,7
2019,29010522,나성동,cp_bnu_009,숙박 및 음식점업,318
2019,29010522,나성동,cp_bnu_010,정보통신업,56
2019,29010522,나성동,cp_bnu_011,금융 및 보험업,43
2019,29010522,나성동,cp_bnu_012,부동산업,191
2019,29010522,나성동,cp_bnu_013,"전문, 과학 및 기술 서비스업",96
2019,29010522,나성동,cp_bnu_014,"사업시설관리, 사업지원 및 임대 서비스업",55
2019,29010522,나성동,cp_bnu_015,"공공행정, 국방 및 사회보장 행정",5
2019,29010522,나성동,cp_bnu_016,교육 서비스업,85
2019,29010522,나성동,cp_bnu_017,보건업 및 사회복지 서비스업,56
2019,29010522,나성동,cp_bnu_018,"예술, 스포츠 및 여가관련 서비스업",66
2019,29010522,나성동,cp_bnu_019,"협회 및 단체, 수리 및 기타 개인 서비스업",109
2019,29010560,종촌동,cp_bnu_003,제조업,11
2019,29010560,종촌동,cp_bnu_007,도매 및 소매업,126
2019,29010560,종촌동,cp_bnu_009,숙박 및 음식점업,133
2019,29010560,종촌동,cp_bnu_011,금융 및 보험업,5
2019,29010560,종촌동,cp_bnu_012,부동산업,58
2019,29010560,종촌동,cp_bnu_013,"전문, 과학 및 기술 서비스업",7
2019,29010560,종촌동,cp_bnu_014,"사업시설관리, 사업지원 및 임대 서비스업",6
2019,29010560,종촌동,cp_bnu_016,교육 서비스업,75
2019,29010560,종촌동,cp_bnu_017,보건업 및 사회복지 서비스업,77
2019,29010560,종촌동,cp_bnu_018,"예술, 스포츠 및 여가관련 서비스업",25
2019,29010560,종촌동,cp_bnu_019,"협회 및 단체, 수리 및 기타 개인 서비스업",67
2019,29010590,아름동,cp_bnu_003,제조업,8
2019,29010590,아름동,cp_bnu_006,건설업,9
2019,29010590,아름동,cp_bnu_007,도매 및 소매업,116
2019,29010590,아름동,cp_bnu_009,숙박 및 음식점업,146
2019,29010590,아름동,cp_bnu_010,정보통신업,6
2019,29010590,아름동,cp_bnu_011,금융 및 보험업,9
2019,29010590,아름동,cp_bnu_012,부동산업,60
2019,29010590,아름동,cp_bnu_013,"전문, 과학 및 기술 서비스업",15
2019,29010590,아름동,cp_bnu_014,"사업시설관리, 사업지원 및 임대 서비스업",7
2019,29010590,아름동,cp_bnu_016,교육 서비스업,173
2019,29010590,아름동,cp_bnu_017,보건업 및 사회복지 서비스업,62
2019,29010590,아름동,cp_bnu_018,"예술, 스포츠 및 여가관련 서비스업",35
2019,29010590,아름동,cp_bnu_019,"협회 및 단체, 수리 및 기타 개인 서비스업",66
2019,29010600,고운동,cp_bnu_003,제조업,18
2019,29010600,고운동,cp_bnu_006,건설업,10
2019,29010600,고운동,cp_bnu_007,도매 및 소매업,112
2019,29010600,고운동,cp_bnu_009,숙박 및 음식점업,168
2019,29010600,고운동,cp_bnu_010,정보통신업,6
2019,29010600,고운동,cp_bnu_011,금융 및 보험업,6
2019,29010600,고운동,cp_bnu_012,부동산업,98
2019,29010600,고운동,cp_bnu_013,"전문, 과학 및 기술 서비스업",6
2019,29010600,고운동,cp_bnu_014,"사업시설관리, 사업지원 및 임대 서비스업",13
2019,29010600,고운동,cp_bnu_016,교육 서비스업,152
2019,29010600,고운동,cp_bnu_017,보건업 및 사회복지 서비스업,60
2019,29010600,고운동,cp_bnu_018,"예술, 스포츠 및 여가관련 서비스업",25
2019,29010600,고운동,cp_bnu_019,"협회 및 단체, 수리 및 기타 개인 서비스업",119
2019,29010610,한솔동,cp_bnu_005,"수도, 하수 및 폐기물처리, 원료 재생업",5
2019,29010610,한솔동,cp_bnu_007,도매 및 소매업,68
2019,29010610,한솔동,cp_bnu_009,숙박 및 음식점업,112
2019,29010610,한솔동,cp_bnu_011,금융 및 보험업,5
2019,29010610,한솔동,cp_bnu_012,부동산업,45
2019,29010610,한솔동,cp_bnu_016,교육 서비스업,40
2019,29010610,한솔동,cp_bnu_017,보건업 및 사회복지 서비스업,29
2019,29010610,한솔동,cp_bnu_018,"예술, 스포츠 및 여가관련 서비스업",15
2019,29010610,한솔동,cp_bnu_019,"협회 및 단체, 수리 및 기타 개인 서비스업",51
2019,29010640,대평동,cp_bnu_007,도매 및 소매업,50
2019,29010640,대평동,cp_bnu_009,숙박 및 음식점업,85
2019,29010640,대평동,cp_bnu_012,부동산업,42
2019,29010640,대평동,cp_bnu_013,"전문, 과학 및 기술 서비스업",13
2019,29010640,대평동,cp_bnu_016,교육 서비스업,29
2019,29010640,대평동,cp_bnu_017,보건업 및 사회복지 서비스업,21
2019,29010640,대평동,cp_bnu_018,"예술, 스포츠 및 여가관련 서비스업",11
2019,29010640,대평동,cp_bnu_019,"협회 및 단체, 수리 및 기타 개인 서비스업",51
2019,29010660,보람동,cp_bnu_003,제조업,19
2019,29010660,보람동,cp_bnu_006,건설업,26
2019,29010660,보람동,cp_bnu_007,도매 및 소매업,106
2019,29010660,보람동,cp_bnu_009,숙박 및 음식점업,218
2019,29010660,보람동,cp_bnu_010,정보통신업,14
2019,29010660,보람동,cp_bnu_011,금융 및 보험업,9
2019,29010660,보람동,cp_bnu_012,부동산업,134
2019,29010660,보람동,cp_bnu_013,"전문, 과학 및 기술 서비스업",82
2019,29010660,보람동,cp_bnu_014,"사업시설관리, 사업지원 및 임대 서비스업",23
2019,29010660,보람동,cp_bnu_015,"공공행정, 국방 및 사회보장 행정",10
2019,29010660,보람동,cp_bnu_016,교육 서비스업,112
2019,29010660,보람동,cp_bnu_017,보건업 및 사회복지 서비스업,39
2019,29010660,보람동,cp_bnu_018,"예술, 스포츠 및 여가관련 서비스업",41
2019,29010660,보람동,cp_bnu_019,"협회 및 단체, 수리 및 기타 개인 서비스업",84
2019,29010680,다정동,cp_bnu_003,제조업,5
2019,29010680,다정동,cp_bnu_007,도매 및 소매업,56
2019,29010680,다정동,cp_bnu_009,숙박 및 음식점업,57
2019,29010680,다정동,cp_bnu_011,금융 및 보험업,5
2019,29010680,다정동,cp_bnu_012,부동산업,72
2019,29010680,다정동,cp_bnu_016,교육 서비스업,64
2019,29010680,다정동,cp_bnu_017,보건업 및 사회복지 서비스업,44
2019,29010680,다정동,cp_bnu_018,"예술, 스포츠 및 여가관련 서비스업",6
2019,29010680,다정동,cp_bnu_019,"협회 및 단체, 수리 및 기타 개인 서비스업",45
2019,29010710,소담동,cp_bnu_006,건설업,5
2019,29010710,소담동,cp_bnu_007,도매 및 소매업,68
2019,29010710,소담동,cp_bnu_009,숙박 및 음식점업,77
2019,29010710,소담동,cp_bnu_011,금융 및 보험업,5
2019,29010710,소담동,cp_bnu_012,부동산업,79
2019,29010710,소담동,cp_bnu_013,"전문, 과학 및 기술 서비스업",19
2019,29010710,소담동,cp_bnu_014,"사업시설관리, 사업지원 및 임대 서비스업",6
2019,29010710,소담동,cp_bnu_016,교육 서비스업,87
2019,29010710,소담동,cp_bnu_017,보건업 및 사회복지 서비스업,43
2019,29010710,소담동,cp_bnu_018,"예술, 스포츠 및 여가관련 서비스업",14
2019,29010710,소담동,cp_bnu_019,"협회 및 단체, 수리 및 기타 개인 서비스업",45
2020,29010110,조치원읍,cp_bnu_001,"농업, 임업 및 어업",5
2020,29010110,조치원읍,cp_bnu_003,제조업,279
2020,29010110,조치원읍,cp_bnu_004,"전기, 가스, 증기 및 공기조절 공급업",21
2020,29010110,조치원읍,cp_bnu_005,"수도, 하수 및 폐기물처리, 원료 재생업",13
2020,29010110,조치원읍,cp_bnu_006,건설업,384
2020,29010110,조치원읍,cp_bnu_007,도매 및 소매업,1325
2020,29010110,조치원읍,cp_bnu_008,운수 및 창고업,110
2020,29010110,조치원읍,cp_bnu_009,숙박 및 음식점업,1010
2020,29010110,조치원읍,cp_bnu_010,정보통신업,73
2020,29010110,조치원읍,cp_bnu_011,금융 및 보험업,39
2020,29010110,조치원읍,cp_bnu_012,부동산업,210
2020,29010110,조치원읍,cp_bnu_013,"전문, 과학 및 기술 서비스업",202
2020,29010110,조치원읍,cp_bnu_014,"사업시설관리, 사업지원 및 임대 서비스업",152
2020,29010110,조치원읍,cp_bnu_015,"공공행정, 국방 및 사회보장 행정",12
2020,29010110,조치원읍,cp_bnu_016,교육 서비스업,188
2020,29010110,조치원읍,cp_bnu_017,보건업 및 사회복지 서비스업,154
2020,29010110,조치원읍,cp_bnu_018,"예술, 스포츠 및 여가관련 서비스업",179
2020,29010110,조치원읍,cp_bnu_019,"협회 및 단체, 수리 및 기타 개인 서비스업",500
2020,29010311,연기면,cp_bnu_003,제조업,52
2020,29010311,연기면,cp_bnu_004,"전기, 가스, 증기 및 공기조절 공급업",7
2020,29010311,연기면,cp_bnu_006,건설업,64
2020,29010311,연기면,cp_bnu_007,도매 및 소매업,65
2020,29010311,연기면,cp_bnu_008,운수 및 창고업,33
2020,29010311,연기면,cp_bnu_009,숙박 및 음식점업,46
2020,29010311,연기면,cp_bnu_012,부동산업,46
2020,29010311,연기면,cp_bnu_014,"사업시설관리, 사업지원 및 임대 서비스업",12
2020,29010311,연기면,cp_bnu_016,교육 서비스업,7
2020,29010311,연기면,cp_bnu_018,"예술, 스포츠 및 여가관련 서비스업",8
2020,29010311,연기면,cp_bnu_019,"협회 및 단체, 수리 및 기타 개인 서비스업",32
2020,29010312,연동면,cp_bnu_001,"농업, 임업 및 어업",9
2020,29010312,연동면,cp_bnu_003,제조업,116
2020,29010312,연동면,cp_bnu_004,"전기, 가스, 증기 및 공기조절 공급업",41
2020,29010312,연동면,cp_bnu_006,건설업,27
2020,29010312,연동면,cp_bnu_007,도매 및 소매업,98
2020,29010312,연동면,cp_bnu_008,운수 및 창고업,54
2020,29010312,연동면,cp_bnu_009,숙박 및 음식점업,51
2020,29010312,연동면,cp_bnu_010,정보통신업,6
2020,29010312,연동면,cp_bnu_011,금융 및 보험업,5
2020,29010312,연동면,cp_bnu_012,부동산업,45
2020,29010312,연동면,cp_bnu_013,"전문, 과학 및 기술 서비스업",9
2020,29010312,연동면,cp_bnu_014,"사업시설관리, 사업지원 및 임대 서비스업",9
2020,29010312,연동면,cp_bnu_016,교육 서비스업,5
2020,29010312,연동면,cp_bnu_017,보건업 및 사회복지 서비스업,6
2020,29010312,연동면,cp_bnu_019,"협회 및 단체, 수리 및 기타 개인 서비스업",29
2020,29010330,부강면,cp_bnu_003,제조업,204
2020,29010330,부강면,cp_bnu_004,"전기, 가스, 증기 및 공기조절 공급업",33
2020,29010330,부강면,cp_bnu_005,"수도, 하수 및 폐기물처리, 원료 재생업",21
2020,29010330,부강면,cp_bnu_006,건설업,160
2020,29010330,부강면,cp_bnu_007,도매 및 소매업,257
2020,29010330,부강면,cp_bnu_008,운수 및 창고업,185
2020,29010330,부강면,cp_bnu_009,숙박 및 음식점업,187
2020,29010330,부강면,cp_bnu_010,정보통신업,6
2020,29010330,부강면,cp_bnu_012,부동산업,66
2020,29010330,부강면,cp_bnu_013,"전문, 과학 및 기술 서비스업",11
2020,29010330,부강면,cp_bnu_014,"사업시설관리, 사업지원 및 임대 서비스업",40
2020,29010330,부강면,cp_bnu_016,교육 서비스업,15
2020,29010330,부강면,cp_bnu_017,보건업 및 사회복지 서비스업,21
2020,29010330,부강면,cp_bnu_018,"예술, 스포츠 및 여가관련 서비스업",22
2020,29010330,부강면,cp_bnu_019,"협회 및 단체, 수리 및 기타 개인 서비스업",81
2020,29010340,금남면,cp_bnu_001,"농업, 임업 및 어업",14
2020,29010340,금남면,cp_bnu_003,제조업,92
2020,29010340,금남면,cp_bnu_004,"전기, 가스, 증기 및 공기조절 공급업",25
2020,29010340,금남면,cp_bnu_006,건설업,205
2020,29010340,금남면,cp_bnu_007,도매 및 소매업,277
2020,29010340,금남면,cp_bnu_008,운수 및 창고업,106
2020,29010340,금남면,cp_bnu_009,숙박 및 음식점업,217
2020,29010340,금남면,cp_bnu_010,정보통신업,14
2020,29010340,금남면,cp_bnu_011,금융 및 보험업,8
2020,29010340,금남면,cp_bnu_012,부동산업,92
2020,29010340,금남면,cp_bnu_013,"전문, 과학 및 기술 서비스업",27
2020,29010340,금남면,cp_bnu_014,"사업시설관리, 사업지원 및 임대 서비스업",47
2020,29010340,금남면,cp_bnu_016,교육 서비스업,21
2020,29010340,금남면,cp_bnu_017,보건업 및 사회복지 서비스업,23
2020,29010340,금남면,cp_bnu_018,"예술, 스포츠 및 여가관련 서비스업",28
2020,29010340,금남면,cp_bnu_019,"협회 및 단체, 수리 및 기타 개인 서비스업",105
2020,29010350,장군면,cp_bnu_001,"농업, 임업 및 어업",6
2020,29010350,장군면,cp_bnu_003,제조업,81
2020,29010350,장군면,cp_bnu_004,"전기, 가스, 증기 및 공기조절 공급업",27
2020,29010350,장군면,cp_bnu_006,건설업,102
2020,29010350,장군면,cp_bnu_007,도매 및 소매업,233
2020,29010350,장군면,cp_bnu_008,운수 및 창고업,181
2020,29010350,장군면,cp_bnu_009,숙박 및 음식점업,158
2020,29010350,장군면,cp_bnu_010,정보통신업,28
2020,29010350,장군면,cp_bnu_011,금융 및 보험업,6
2020,29010350,장군면,cp_bnu_012,부동산업,122
2020,29010350,장군면,cp_bnu_013,"전문, 과학 및 기술 서비스업",28
2020,29010350,장군면,cp_bnu_014,"사업시설관리, 사업지원 및 임대 서비스업",30
2020,29010350,장군면,cp_bnu_016,교육 서비스업,22
2020,29010350,장군면,cp_bnu_017,보건업 및 사회복지 서비스업,13
2020,29010350,장군면,cp_bnu_018,"예술, 스포츠 및 여가관련 서비스업",24
2020,29010350,장군면,cp_bnu_019,"협회 및 단체, 수리 및 기타 개인 서비스업",82
2020,29010360,연서면,cp_bnu_001,"농업, 임업 및 어업",8
2020,29010360,연서면,cp_bnu_003,제조업,164
2020,29010360,연서면,cp_bnu_004,"전기, 가스, 증기 및 공기조절 공급업",31
2020,29010360,연서면,cp_bnu_005,"수도, 하수 및 폐기물처리, 원료 재생업",8
2020,29010360,연서면,cp_bnu_006,건설업,117
2020,29010360,연서면,cp_bnu_007,도매 및 소매업,257
2020,29010360,연서면,cp_bnu_008,운수 및 창고업,47
2020,29010360,연서면,cp_bnu_009,숙박 및 음식점업,125
2020,29010360,연서면,cp_bnu_010,정보통신업,13
2020,29010360,연서면,cp_bnu_012,부동산업,75
2020,29010360,연서면,cp_bnu_013,"전문, 과학 및 기술 서비스업",19
2020,29010360,연서면,cp_bnu_014,"사업시설관리, 사업지원 및 임대 서비스업",20
2020,29010360,연서면,cp_bnu_015,"공공행정, 국방 및 사회보장 행정",7
2020,29010360,연서면,cp_bnu_016,교육 서비스업,21
2020,29010360,연서면,cp_bnu_017,보건업 및 사회복지 서비스업,25
2020,29010360,연서면,cp_bnu_018,"예술, 스포츠 및 여가관련 서비스업",19
2020,29010360,연서면,cp_bnu_019,"협회 및 단체, 수리 및 기타 개인 서비스업",90
2020,29010370,전의면,cp_bnu_001,"농업, 임업 및 어업",10
2020,29010370,전의면,cp_bnu_003,제조업,187
2020,29010370,전의면,cp_bnu_004,"전기, 가스, 증기 및 공기조절 공급업",24
2020,29010370,전의면,cp_bnu_005,"수도, 하수 및 폐기물처리, 원료 재생업",10
2020,29010370,전의면,cp_bnu_006,건설업,177
2020,29010370,전의면,cp_bnu_007,도매 및 소매업,178
2020,29010370,전의면,cp_bnu_008,운수 및 창고업,245
2020,29010370,전의면,cp_bnu_009,숙박 및 음식점업,132
2020,29010370,전의면,cp_bnu_011,금융 및 보험업,5
2020,29010370,전의면,cp_bnu_012,부동산업,30
2020,29010370,전의면,cp_bnu_013,"전문, 과학 및 기술 서비스업",11
2020,29010370,전의면,cp_bnu_014,"사업시설관리, 사업지원 및 임대 서비스업",29
2020,29010370,전의면,cp_bnu_016,교육 서비스업,15
2020,29010370,전의면,cp_bnu_017,보건업 및 사회복지 서비스업,21
2020,29010370,전의면,cp_bnu_018,"예술, 스포츠 및 여가관련 서비스업",18
2020,29010370,전의면,cp_bnu_019,"협회 및 단체, 수리 및 기타 개인 서비스업",56
2020,29010380,전동면,cp_bnu_003,제조업,139
2020,29010380,전동면,cp_bnu_004,"전기, 가스, 증기 및 공기조절 공급업",31
2020,29010380,전동면,cp_bnu_005,"수도, 하수 및 폐기물처리, 원료 재생업",10
2020,29010380,전동면,cp_bnu_006,건설업,46
2020,29010380,전동면,cp_bnu_007,도매 및 소매업,90
2020,29010380,전동면,cp_bnu_008,운수 및 창고업,15
2020,29010380,전동면,cp_bnu_009,숙박 및 음식점업,36
2020,29010380,전동면,cp_bnu_012,부동산업,12
2020,29010380,전동면,cp_bnu_013,"전문, 과학 및 기술 서비스업",7
2020,29010380,전동면,cp_bnu_014,"사업시설관리, 사업지원 및 임대 서비스업",16
2020,29010380,전동면,cp_bnu_017,보건업 및 사회복지 서비스업,14
2020,29010380,전동면,cp_bnu_018,"예술, 스포츠 및 여가관련 서비스업",6
2020,29010380,전동면,cp_bnu_019,"협회 및 단체, 수리 및 기타 개인 서비스업",29
2020,29010390,소정면,cp_bnu_001,"농업, 임업 및 어업",5
2020,29010390,소정면,cp_bnu_003,제조업,98
2020,29010390,소정면,cp_bnu_004,"전기, 가스, 증기 및 공기조절 공급업",7
2020,29010390,소정면,cp_bnu_006,건설업,42
2020,29010390,소정면,cp_bnu_007,도매 및 소매업,110
2020,29010390,소정면,cp_bnu_008,운수 및 창고업,101
2020,29010390,소정면,cp_bnu_009,숙박 및 음식점업,58
2020,29010390,소정면,cp_bnu_012,부동산업,7
2020,29010390,소정면,cp_bnu_014,"사업시설관리, 사업지원 및 임대 서비스업",10
2020,29010390,소정면,cp_bnu_016,교육 서비스업,8
2020,29010390,소정면,cp_bnu_018,"예술, 스포츠 및 여가관련 서비스업",7
2020,29010390,소정면,cp_bnu_019,"협회 및 단체, 수리 및 기타 개인 서비스업",23
2020,29010512,해밀동,cp_bnu_007,도매 및 소매업,10
2020,29010512,해밀동,cp_bnu_009,숙박 및 음식점업,5
2020,29010512,해밀동,cp_bnu_012,부동산업,9
2020,29010512,해밀동,cp_bnu_016,교육 서비스업,11
2020,29010512,해밀동,cp_bnu_017,보건업 및 사회복지 서비스업,5
2020,29010512,해밀동,cp_bnu_019,"협회 및 단체, 수리 및 기타 개인 서비스업",6
2020,29010513,반곡동,cp_bnu_003,제조업,18
2020,29010513,반곡동,cp_bnu_006,건설업,13
2020,29010513,반곡동,cp_bnu_007,도매 및 소매업,96
2020,29010513,반곡동,cp_bnu_008,운수 및 창고업,6
2020,29010513,반곡동,cp_bnu_009,숙박 및 음식점업,75
2020,29010513,반곡동,cp_bnu_010,정보통신업,15
2020,29010513,반곡동,cp_bnu_011,금융 및 보험업,8
2020,29010513,반곡동,cp_bnu_012,부동산업,80
2020,29010513,반곡동,cp_bnu_013,"전문, 과학 및 기술 서비스업",44
2020,29010513,반곡동,cp_bnu_014,"사업시설관리, 사업지원 및 임대 서비스업",13
2020,29010513,반곡동,cp_bnu_016,교육 서비스업,70
2020,29010513,반곡동,cp_bnu_017,보건업 및 사회복지 서비스업,21
2020,29010513,반곡동,cp_bnu_018,"예술, 스포츠 및 여가관련 서비스업",12
2020,29010513,반곡동,cp_bnu_019,"협회 및 단체, 수리 및 기타 개인 서비스업",26
2020,29010514,도담동,cp_bnu_003,제조업,26
2020,29010514,도담동,cp_bnu_006,건설업,44
2020,29010514,도담동,cp_bnu_007,도매 및 소매업,232
2020,29010514,도담동,cp_bnu_008,운수 및 창고업,19
2020,29010514,도담동,cp_bnu_009,숙박 및 음식점업,236
2020,29010514,도담동,cp_bnu_010,정보통신업,20
2020,29010514,도담동,cp_bnu_011,금융 및 보험업,6
2020,29010514,도담동,cp_bnu_012,부동산업,190
2020,29010514,도담동,cp_bnu_013,"전문, 과학 및 기술 서비스업",49
2020,29010514,도담동,cp_bnu_014,"사업시설관리, 사업지원 및 임대 서비스업",31
2020,29010514,도담동,cp_bnu_016,교육 서비스업,149
2020,29010514,도담동,cp_bnu_017,보건업 및 사회복지 서비스업,52
2020,29010514,도담동,cp_bnu_018,"예술, 스포츠 및 여가관련 서비스업",48
2020,29010514,도담동,cp_bnu_019,"협회 및 단체, 수리 및 기타 개인 서비스업",101
2020,29010515,어진동,cp_bnu_003,제조업,53
2020,29010515,어진동,cp_bnu_004,"전기, 가스, 증기 및 공기조절 공급업",5
2020,29010515,어진동,cp_bnu_006,건설업,61
2020,29010515,어진동,cp_bnu_007,도매 및 소매업,458
2020,29010515,어진동,cp_bnu_008,운수 및 창고업,16
2020,29010515,어진동,cp_bnu_009,숙박 및 음식점업,328
2020,29010515,어진동,cp_bnu_010,정보통신업,86
2020,29010515,어진동,cp_bnu_011,금융 및 보험업,31
2020,29010515,어진동,cp_bnu_012,부동산업,147
2020,29010515,어진동,cp_bnu_013,"전문, 과학 및 기술 서비스업",115
2020,29010515,어진동,cp_bnu_014,"사업시설관리, 사업지원 및 임대 서비스업",48
2020,29010515,어진동,cp_bnu_015,"공공행정, 국방 및 사회보장 행정",62
2020,29010515,어진동,cp_bnu_016,교육 서비스업,41
2020,29010515,어진동,cp_bnu_017,보건업 및 사회복지 서비스업,43
2020,29010515,어진동,cp_bnu_018,"예술, 스포츠 및 여가관련 서비스업",31
2020,29010515,어진동,cp_bnu_019,"협회 및 단체, 수리 및 기타 개인 서비스업",60
2020,29010521,새롬동,cp_bnu_003,제조업,17
2020,29010521,새롬동,cp_bnu_006,건설업,35
2020,29010521,새롬동,cp_bnu_007,도매 및 소매업,244
2020,29010521,새롬동,cp_bnu_008,운수 및 창고업,11
2020,29010521,새롬동,cp_bnu_009,숙박 및 음식점업,154
2020,29010521,새롬동,cp_bnu_010,정보통신업,29
2020,29010521,새롬동,cp_bnu_012,부동산업,161
2020,29010521,새롬동,cp_bnu_013,"전문, 과학 및 기술 서비스업",29
2020,29010521,새롬동,cp_bnu_014,"사업시설관리, 사업지원 및 임대 서비스업",30
2020,29010521,새롬동,cp_bnu_016,교육 서비스업,249
2020,29010521,새롬동,cp_bnu_017,보건업 및 사회복지 서비스업,72
2020,29010521,새롬동,cp_bnu_018,"예술, 스포츠 및 여가관련 서비스업",31
2020,29010521,새롬동,cp_bnu_019,"협회 및 단체, 수리 및 기타 개인 서비스업",87
2020,29010522,나성동,cp_bnu_003,제조업,64
2020,29010522,나성동,cp_bnu_004,"전기, 가스, 증기 및 공기조절 공급업",22
2020,29010522,나성동,cp_bnu_005,"수도, 하수 및 폐기물처리, 원료 재생업",7
2020,29010522,나성동,cp_bnu_006,건설업,97
2020,29010522,나성동,cp_bnu_007,도매 및 소매업,382
2020,29010522,나성동,cp_bnu_008,운수 및 창고업,12
2020,29010522,나성동,cp_bnu_009,숙박 및 음식점업,437
2020,29010522,나성동,cp_bnu_010,정보통신업,94
2020,29010522,나성동,cp_bnu_011,금융 및 보험업,56
2020,29010522,나성동,cp_bnu_012,부동산업,315
2020,29010522,나성동,cp_bnu_013,"전문, 과학 및 기술 서비스업",179
2020,29010522,나성동,cp_bnu_014,"사업시설관리, 사업지원 및 임대 서비스업",86
2020,29010522,나성동,cp_bnu_015,"공공행정, 국방 및 사회보장 행정",6
2020,29010522,나성동,cp_bnu_016,교육 서비스업,113
2020,29010522,나성동,cp_bnu_017,보건업 및 사회복지 서비스업,71
2020,29010522,나성동,cp_bnu_018,"예술, 스포츠 및 여가관련 서비스업",84
2020,29010522,나성동,cp_bnu_019,"협회 및 단체, 수리 및 기타 개인 서비스업",157
2020,29010560,종촌동,cp_bnu_003,제조업,25
2020,29010560,종촌동,cp_bnu_004,"전기, 가스, 증기 및 공기조절 공급업",7
2020,29010560,종촌동,cp_bnu_006,건설업,33
2020,29010560,종촌동,cp_bnu_007,도매 및 소매업,252
2020,29010560,종촌동,cp_bnu_008,운수 및 창고업,10
2020,29010560,종촌동,cp_bnu_009,숙박 및 음식점업,133
2020,29010560,종촌동,cp_bnu_010,정보통신업,22
2020,29010560,종촌동,cp_bnu_011,금융 및 보험업,6
2020,29010560,종촌동,cp_bnu_012,부동산업,88
2020,29010560,종촌동,cp_bnu_013,"전문, 과학 및 기술 서비스업",22
2020,29010560,종촌동,cp_bnu_014,"사업시설관리, 사업지원 및 임대 서비스업",21
2020,29010560,종촌동,cp_bnu_016,교육 서비스업,191
2020,29010560,종촌동,cp_bnu_017,보건업 및 사회복지 서비스업,78
2020,29010560,종촌동,cp_bnu_018,"예술, 스포츠 및 여가관련 서비스업",33
2020,29010560,종촌동,cp_bnu_019,"협회 및 단체, 수리 및 기타 개인 서비스업",82
2020,29010590,아름동,cp_bnu_003,제조업,14
2020,29010590,아름동,cp_bnu_006,건설업,31
2020,29010590,아름동,cp_bnu_007,도매 및 소매업,215
2020,29010590,아름동,cp_bnu_008,운수 및 창고업,7
2020,29010590,아름동,cp_bnu_009,숙박 및 음식점업,169
2020,29010590,아름동,cp_bnu_010,정보통신업,32
2020,29010590,아름동,cp_bnu_011,금융 및 보험업,9
2020,29010590,아름동,cp_bnu_012,부동산업,118
2020,29010590,아름동,cp_bnu_013,"전문, 과학 및 기술 서비스업",48
2020,29010590,아름동,cp_bnu_014,"사업시설관리, 사업지원 및 임대 서비스업",26
2020,29010590,아름동,cp_bnu_016,교육 서비스업,249
2020,29010590,아름동,cp_bnu_017,보건업 및 사회복지 서비스업,56
2020,29010590,아름동,cp_bnu_018,"예술, 스포츠 및 여가관련 서비스업",46
2020,29010590,아름동,cp_bnu_019,"협회 및 단체, 수리 및 기타 개인 서비스업",83
2020,29010600,고운동,cp_bnu_003,제조업,31
2020,29010600,고운동,cp_bnu_006,건설업,99
2020,29010600,고운동,cp_bnu_007,도매 및 소매업,313
2020,29010600,고운동,cp_bnu_008,운수 및 창고업,25
2020,29010600,고운동,cp_bnu_009,숙박 및 음식점업,196
2020,29010600,고운동,cp_bnu_010,정보통신업,34
2020,29010600,고운동,cp_bnu_011,금융 및 보험업,12
2020,29010600,고운동,cp_bnu_012,부동산업,175
2020,29010600,고운동,cp_bnu_013,"전문, 과학 및 기술 서비스업",55
2020,29010600,고운동,cp_bnu_014,"사업시설관리, 사업지원 및 임대 서비스업",48
2020,29010600,고운동,cp_bnu_016,교육 서비스업,261
2020,29010600,고운동,cp_bnu_017,보건업 및 사회복지 서비스업,65
2020,29010600,고운동,cp_bnu_018,"예술, 스포츠 및 여가관련 서비스업",40
2020,29010600,고운동,cp_bnu_019,"협회 및 단체, 수리 및 기타 개인 서비스업",160
2020,29010610,한솔동,cp_bnu_003,제조업,11
2020,29010610,한솔동,cp_bnu_006,건설업,27
2020,29010610,한솔동,cp_bnu_007,도매 및 소매업,178
2020,29010610,한솔동,cp_bnu_008,운수 및 창고업,15
2020,29010610,한솔동,cp_bnu_009,숙박 및 음식점업,120
2020,29010610,한솔동,cp_bnu_010,정보통신업,26
2020,29010610,한솔동,cp_bnu_012,부동산업,76
2020,29010610,한솔동,cp_bnu_013,"전문, 과학 및 기술 서비스업",24
2020,29010610,한솔동,cp_bnu_014,"사업시설관리, 사업지원 및 임대 서비스업",21
2020,29010610,한솔동,cp_bnu_016,교육 서비스업,112
2020,29010610,한솔동,cp_bnu_017,보건업 및 사회복지 서비스업,27
2020,29010610,한솔동,cp_bnu_018,"예술, 스포츠 및 여가관련 서비스업",20
2020,29010610,한솔동,cp_bnu_019,"협회 및 단체, 수리 및 기타 개인 서비스업",69
2020,29010640,대평동,cp_bnu_003,제조업,13
2020,29010640,대평동,cp_bnu_006,건설업,40
2020,29010640,대평동,cp_bnu_007,도매 및 소매업,117
2020,29010640,대평동,cp_bnu_008,운수 및 창고업,7
2020,29010640,대평동,cp_bnu_009,숙박 및 음식점업,97
2020,29010640,대평동,cp_bnu_010,정보통신업,10
2020,29010640,대평동,cp_bnu_012,부동산업,90
2020,29010640,대평동,cp_bnu_013,"전문, 과학 및 기술 서비스업",28
2020,29010640,대평동,cp_bnu_014,"사업시설관리, 사업지원 및 임대 서비스업",15
2020,29010640,대평동,cp_bnu_016,교육 서비스업,63
2020,29010640,대평동,cp_bnu_017,보건업 및 사회복지 서비스업,32
2020,29010640,대평동,cp_bnu_018,"예술, 스포츠 및 여가관련 서비스업",17
2020,29010640,대평동,cp_bnu_019,"협회 및 단체, 수리 및 기타 개인 서비스업",71
2020,29010660,보람동,cp_bnu_001,"농업, 임업 및 어업",6
2020,29010660,보람동,cp_bnu_003,제조업,36
2020,29010660,보람동,cp_bnu_006,건설업,275
2020,29010660,보람동,cp_bnu_007,도매 및 소매업,241
2020,29010660,보람동,cp_bnu_008,운수 및 창고업,15
2020,29010660,보람동,cp_bnu_009,숙박 및 음식점업,284
2020,29010660,보람동,cp_bnu_010,정보통신업,41
2020,29010660,보람동,cp_bnu_011,금융 및 보험업,12
2020,29010660,보람동,cp_bnu_012,부동산업,191
2020,29010660,보람동,cp_bnu_013,"전문, 과학 및 기술 서비스업",120
2020,29010660,보람동,cp_bnu_014,"사업시설관리, 사업지원 및 임대 서비스업",35
2020,29010660,보람동,cp_bnu_015,"공공행정, 국방 및 사회보장 행정",13
2020,29010660,보람동,cp_bnu_016,교육 서비스업,165
2020,29010660,보람동,cp_bnu_017,보건업 및 사회복지 서비스업,46
2020,29010660,보람동,cp_bnu_018,"예술, 스포츠 및 여가관련 서비스업",45
2020,29010660,보람동,cp_bnu_019,"협회 및 단체, 수리 및 기타 개인 서비스업",114
2020,29010680,다정동,cp_bnu_003,제조업,18
2020,29010680,다정동,cp_bnu_006,건설업,19
2020,29010680,다정동,cp_bnu_007,도매 및 소매업,179
2020,29010680,다정동,cp_bnu_008,운수 및 창고업,15
2020,29010680,다정동,cp_bnu_009,숙박 및 음식점업,86
2020,29010680,다정동,cp_bnu_010,정보통신업,20
2020,29010680,다정동,cp_bnu_011,금융 및 보험업,6
2020,29010680,다정동,cp_bnu_012,부동산업,135
2020,29010680,다정동,cp_bnu_013,"전문, 과학 및 기술 서비스업",27
2020,29010680,다정동,cp_bnu_014,"사업시설관리, 사업지원 및 임대 서비스업",17
2020,29010680,다정동,cp_bnu_016,교육 서비스업,190
2020,29010680,다정동,cp_bnu_017,보건업 및 사회복지 서비스업,54
2020,29010680,다정동,cp_bnu_018,"예술, 스포츠 및 여가관련 서비스업",7
2020,29010680,다정동,cp_bnu_019,"협회 및 단체, 수리 및 기타 개인 서비스업",79
2020,29010710,소담동,cp_bnu_003,제조업,25
2020,29010710,소담동,cp_bnu_006,건설업,31
2020,29010710,소담동,cp_bnu_007,도매 및 소매업,182
2020,29010710,소담동,cp_bnu_008,운수 및 창고업,12
2020,29010710,소담동,cp_bnu_009,숙박 및 음식점업,102
2020,29010710,소담동,cp_bnu_010,정보통신업,27
2020,29010710,소담동,cp_bnu_011,금융 및 보험업,5
2020,29010710,소담동,cp_bnu_012,부동산업,149
2020,29010710,소담동,cp_bnu_013,"전문, 과학 및 기술 서비스업",48
2020,29010710,소담동,cp_bnu_014,"사업시설관리, 사업지원 및 임대 서비스업",25
2020,29010710,소담동,cp_bnu_016,교육 서비스업,152
2020,29010710,소담동,cp_bnu_017,보건업 및 사회복지 서비스업,47
2020,29010710,소담동,cp_bnu_018,"예술, 스포츠 및 여가관련 서비스업",19
2020,29010710,소담동,cp_bnu_019,"협회 및 단체, 수리 및 기타 개인 서비스업",54
2021,29010110,조치원읍,cp_bnu_001,"농업, 임업 및 어업",5
2021,29010110,조치원읍,cp_bnu_003,제조업,275
2021,29010110,조치원읍,cp_bnu_004,"전기, 가스, 증기 및 공기조절 공급업",24
2021,29010110,조치원읍,cp_bnu_005,"수도, 하수 및 폐기물처리, 원료 재생업",14
2021,29010110,조치원읍,cp_bnu_006,건설업,373
2021,29010110,조치원읍,cp_bnu_007,도매 및 소매업,1286
2021,29010110,조치원읍,cp_bnu_008,운수 및 창고업,138
2021,29010110,조치원읍,cp_bnu_009,숙박 및 음식점업,981
2021,29010110,조치원읍,cp_bnu_010,정보통신업,88
2021,29010110,조치원읍,cp_bnu_011,금융 및 보험업,32
2021,29010110,조치원읍,cp_bnu_012,부동산업,211
2021,29010110,조치원읍,cp_bnu_013,"전문, 과학 및 기술 서비스업",202
2021,29010110,조치원읍,cp_bnu_014,"사업시설관리, 사업지원 및 임대 서비스업",140
2021,29010110,조치원읍,cp_bnu_015,"공공행정, 국방 및 사회보장 행정",13
2021,29010110,조치원읍,cp_bnu_016,교육 서비스업,201
2021,29010110,조치원읍,cp_bnu_017,보건업 및 사회복지 서비스업,159
2021,29010110,조치원읍,cp_bnu_018,"예술, 스포츠 및 여가관련 서비스업",184
2021,29010110,조치원읍,cp_bnu_019,"협회 및 단체, 수리 및 기타 개인 서비스업",502
2021,29010311,연기면,cp_bnu_003,제조업,48
2021,29010311,연기면,cp_bnu_004,"전기, 가스, 증기 및 공기조절 공급업",10
2021,29010311,연기면,cp_bnu_006,건설업,67
2021,29010311,연기면,cp_bnu_007,도매 및 소매업,70
2021,29010311,연기면,cp_bnu_008,운수 및 창고업,38
2021,29010311,연기면,cp_bnu_009,숙박 및 음식점업,40
2021,29010311,연기면,cp_bnu_012,부동산업,39
2021,29010311,연기면,cp_bnu_014,"사업시설관리, 사업지원 및 임대 서비스업",12
2021,29010311,연기면,cp_bnu_016,교육 서비스업,6
2021,29010311,연기면,cp_bnu_018,"예술, 스포츠 및 여가관련 서비스업",10
2021,29010311,연기면,cp_bnu_019,"협회 및 단체, 수리 및 기타 개인 서비스업",36
2021,29010312,연동면,cp_bnu_001,"농업, 임업 및 어업",8
2021,29010312,연동면,cp_bnu_003,제조업,115
2021,29010312,연동면,cp_bnu_004,"전기, 가스, 증기 및 공기조절 공급업",50
2021,29010312,연동면,cp_bnu_006,건설업,27
2021,29010312,연동면,cp_bnu_007,도매 및 소매업,98
2021,29010312,연동면,cp_bnu_008,운수 및 창고업,53
2021,29010312,연동면,cp_bnu_009,숙박 및 음식점업,45
2021,29010312,연동면,cp_bnu_010,정보통신업,7
2021,29010312,연동면,cp_bnu_011,금융 및 보험업,5
2021,29010312,연동면,cp_bnu_012,부동산업,56
2021,29010312,연동면,cp_bnu_014,"사업시설관리, 사업지원 및 임대 서비스업",11
2021,29010312,연동면,cp_bnu_016,교육 서비스업,6
2021,29010312,연동면,cp_bnu_017,보건업 및 사회복지 서비스업,6
2021,29010312,연동면,cp_bnu_019,"협회 및 단체, 수리 및 기타 개인 서비스업",32
2021,29010330,부강면,cp_bnu_003,제조업,205
2021,29010330,부강면,cp_bnu_004,"전기, 가스, 증기 및 공기조절 공급업",33
2021,29010330,부강면,cp_bnu_005,"수도, 하수 및 폐기물처리, 원료 재생업",20
2021,29010330,부강면,cp_bnu_006,건설업,170
2021,29010330,부강면,cp_bnu_007,도매 및 소매업,236
2021,29010330,부강면,cp_bnu_008,운수 및 창고업,185
2021,29010330,부강면,cp_bnu_009,숙박 및 음식점업,183
2021,29010330,부강면,cp_bnu_010,정보통신업,8
2021,29010330,부강면,cp_bnu_011,금융 및 보험업,5
2021,29010330,부강면,cp_bnu_012,부동산업,66
2021,29010330,부강면,cp_bnu_013,"전문, 과학 및 기술 서비스업",9
2021,29010330,부강면,cp_bnu_014,"사업시설관리, 사업지원 및 임대 서비스업",40
2021,29010330,부강면,cp_bnu_016,교육 서비스업,13
2021,29010330,부강면,cp_bnu_017,보건업 및 사회복지 서비스업,20
2021,29010330,부강면,cp_bnu_018,"예술, 스포츠 및 여가관련 서비스업",25
2021,29010330,부강면,cp_bnu_019,"협회 및 단체, 수리 및 기타 개인 서비스업",84
2021,29010340,금남면,cp_bnu_001,"농업, 임업 및 어업",12
2021,29010340,금남면,cp_bnu_003,제조업,96
2021,29010340,금남면,cp_bnu_004,"전기, 가스, 증기 및 공기조절 공급업",32
2021,29010340,금남면,cp_bnu_006,건설업,219
2021,29010340,금남면,cp_bnu_007,도매 및 소매업,280
2021,29010340,금남면,cp_bnu_008,운수 및 창고업,103
2021,29010340,금남면,cp_bnu_009,숙박 및 음식점업,207
2021,29010340,금남면,cp_bnu_010,정보통신업,11
2021,29010340,금남면,cp_bnu_011,금융 및 보험업,9
2021,29010340,금남면,cp_bnu_012,부동산업,89
2021,29010340,금남면,cp_bnu_013,"전문, 과학 및 기술 서비스업",29
2021,29010340,금남면,cp_bnu_014,"사업시설관리, 사업지원 및 임대 서비스업",44
2021,29010340,금남면,cp_bnu_016,교육 서비스업,20
2021,29010340,금남면,cp_bnu_017,보건업 및 사회복지 서비스업,23
2021,29010340,금남면,cp_bnu_018,"예술, 스포츠 및 여가관련 서비스업",24
2021,29010340,금남면,cp_bnu_019,"협회 및 단체, 수리 및 기타 개인 서비스업",115
2021,29010350,장군면,cp_bnu_001,"농업, 임업 및 어업",6
2021,29010350,장군면,cp_bnu_003,제조업,89
2021,29010350,장군면,cp_bnu_004,"전기, 가스, 증기 및 공기조절 공급업",33
2021,29010350,장군면,cp_bnu_006,건설업,107
2021,29010350,장군면,cp_bnu_007,도매 및 소매업,224
2021,29010350,장군면,cp_bnu_008,운수 및 창고업,179
2021,29010350,장군면,cp_bnu_009,숙박 및 음식점업,157
2021,29010350,장군면,cp_bnu_010,정보통신업,26
2021,29010350,장군면,cp_bnu_011,금융 및 보험업,6
2021,29010350,장군면,cp_bnu_012,부동산업,143
2021,29010350,장군면,cp_bnu_013,"전문, 과학 및 기술 서비스업",27
2021,29010350,장군면,cp_bnu_014,"사업시설관리, 사업지원 및 임대 서비스업",37
2021,29010350,장군면,cp_bnu_016,교육 서비스업,27
2021,29010350,장군면,cp_bnu_017,보건업 및 사회복지 서비스업,15
2021,29010350,장군면,cp_bnu_018,"예술, 스포츠 및 여가관련 서비스업",31
2021,29010350,장군면,cp_bnu_019,"협회 및 단체, 수리 및 기타 개인 서비스업",101
2021,29010360,연서면,cp_bnu_001,"농업, 임업 및 어업",8
2021,29010360,연서면,cp_bnu_003,제조업,162
2021,29010360,연서면,cp_bnu_004,"전기, 가스, 증기 및 공기조절 공급업",39
2021,29010360,연서면,cp_bnu_005,"수도, 하수 및 폐기물처리, 원료 재생업",8
2021,29010360,연서면,cp_bnu_006,건설업,115
2021,29010360,연서면,cp_bnu_007,도매 및 소매업,251
2021,29010360,연서면,cp_bnu_008,운수 및 창고업,53
2021,29010360,연서면,cp_bnu_009,숙박 및 음식점업,130
2021,29010360,연서면,cp_bnu_010,정보통신업,17
2021,29010360,연서면,cp_bnu_012,부동산업,81
2021,29010360,연서면,cp_bnu_013,"전문, 과학 및 기술 서비스업",22
2021,29010360,연서면,cp_bnu_014,"사업시설관리, 사업지원 및 임대 서비스업",23
2021,29010360,연서면,cp_bnu_015,"공공행정, 국방 및 사회보장 행정",7
2021,29010360,연서면,cp_bnu_016,교육 서비스업,24
2021,29010360,연서면,cp_bnu_017,보건업 및 사회복지 서비스업,25
2021,29010360,연서면,cp_bnu_018,"예술, 스포츠 및 여가관련 서비스업",20
2021,29010360,연서면,cp_bnu_019,"협회 및 단체, 수리 및 기타 개인 서비스업",99
2021,29010370,전의면,cp_bnu_001,"농업, 임업 및 어업",12
2021,29010370,전의면,cp_bnu_003,제조업,190
2021,29010370,전의면,cp_bnu_004,"전기, 가스, 증기 및 공기조절 공급업",22
2021,29010370,전의면,cp_bnu_005,"수도, 하수 및 폐기물처리, 원료 재생업",10
2021,29010370,전의면,cp_bnu_006,건설업,186
2021,29010370,전의면,cp_bnu_007,도매 및 소매업,177
2021,29010370,전의면,cp_bnu_008,운수 및 창고업,249
2021,29010370,전의면,cp_bnu_009,숙박 및 음식점업,134
2021,29010370,전의면,cp_bnu_011,금융 및 보험업,6
2021,29010370,전의면,cp_bnu_012,부동산업,36
2021,29010370,전의면,cp_bnu_013,"전문, 과학 및 기술 서비스업",12
2021,29010370,전의면,cp_bnu_014,"사업시설관리, 사업지원 및 임대 서비스업",29
2021,29010370,전의면,cp_bnu_016,교육 서비스업,16
2021,29010370,전의면,cp_bnu_017,보건업 및 사회복지 서비스업,21
2021,29010370,전의면,cp_bnu_018,"예술, 스포츠 및 여가관련 서비스업",17
2021,29010370,전의면,cp_bnu_019,"협회 및 단체, 수리 및 기타 개인 서비스업",65
2021,29010380,전동면,cp_bnu_001,"농업, 임업 및 어업",5
2021,29010380,전동면,cp_bnu_003,제조업,144
2021,29010380,전동면,cp_bnu_004,"전기, 가스, 증기 및 공기조절 공급업",37
2021,29010380,전동면,cp_bnu_005,"수도, 하수 및 폐기물처리, 원료 재생업",10
2021,29010380,전동면,cp_bnu_006,건설업,54
2021,29010380,전동면,cp_bnu_007,도매 및 소매업,98
2021,29010380,전동면,cp_bnu_008,운수 및 창고업,15
2021,29010380,전동면,cp_bnu_009,숙박 및 음식점업,36
2021,29010380,전동면,cp_bnu_010,정보통신업,5
2021,29010380,전동면,cp_bnu_012,부동산업,16
2021,29010380,전동면,cp_bnu_013,"전문, 과학 및 기술 서비스업",6
2021,29010380,전동면,cp_bnu_014,"사업시설관리, 사업지원 및 임대 서비스업",13
2021,29010380,전동면,cp_bnu_016,교육 서비스업,5
2021,29010380,전동면,cp_bnu_017,보건업 및 사회복지 서비스업,15
2021,29010380,전동면,cp_bnu_018,"예술, 스포츠 및 여가관련 서비스업",7
2021,29010380,전동면,cp_bnu_019,"협회 및 단체, 수리 및 기타 개인 서비스업",27
2021,29010390,소정면,cp_bnu_003,제조업,93
2021,29010390,소정면,cp_bnu_004,"전기, 가스, 증기 및 공기조절 공급업",7
2021,29010390,소정면,cp_bnu_006,건설업,42
2021,29010390,소정면,cp_bnu_007,도매 및 소매업,107
2021,29010390,소정면,cp_bnu_008,운수 및 창고업,122
2021,29010390,소정면,cp_bnu_009,숙박 및 음식점업,57
2021,29010390,소정면,cp_bnu_012,부동산업,8
2021,29010390,소정면,cp_bnu_013,"전문, 과학 및 기술 서비스업",5
2021,29010390,소정면,cp_bnu_014,"사업시설관리, 사업지원 및 임대 서비스업",9
2021,29010390,소정면,cp_bnu_016,교육 서비스업,8
2021,29010390,소정면,cp_bnu_018,"예술, 스포츠 및 여가관련 서비스업",7
2021,29010390,소정면,cp_bnu_019,"협회 및 단체, 수리 및 기타 개인 서비스업",28
2021,29010512,해밀동,cp_bnu_007,도매 및 소매업,41
2021,29010512,해밀동,cp_bnu_009,숙박 및 음식점업,22
2021,29010512,해밀동,cp_bnu_012,부동산업,29
2021,29010512,해밀동,cp_bnu_013,"전문, 과학 및 기술 서비스업",7
2021,29010512,해밀동,cp_bnu_014,"사업시설관리, 사업지원 및 임대 서비스업",5
2021,29010512,해밀동,cp_bnu_016,교육 서비스업,47
2021,29010512,해밀동,cp_bnu_017,보건업 및 사회복지 서비스업,10
2021,29010512,해밀동,cp_bnu_019,"협회 및 단체, 수리 및 기타 개인 서비스업",9
2021,29010513,반곡동,cp_bnu_003,제조업,38
2021,29010513,반곡동,cp_bnu_006,건설업,25
2021,29010513,반곡동,cp_bnu_007,도매 및 소매업,163
2021,29010513,반곡동,cp_bnu_008,운수 및 창고업,9
2021,29010513,반곡동,cp_bnu_009,숙박 및 음식점업,117
2021,29010513,반곡동,cp_bnu_010,정보통신업,45
2021,29010513,반곡동,cp_bnu_011,금융 및 보험업,9
2021,29010513,반곡동,cp_bnu_012,부동산업,94
2021,29010513,반곡동,cp_bnu_013,"전문, 과학 및 기술 서비스업",88
2021,29010513,반곡동,cp_bnu_014,"사업시설관리, 사업지원 및 임대 서비스업",18
2021,29010513,반곡동,cp_bnu_015,"공공행정, 국방 및 사회보장 행정",5
2021,29010513,반곡동,cp_bnu_016,교육 서비스업,83
2021,29010513,반곡동,cp_bnu_017,보건업 및 사회복지 서비스업,31
2021,29010513,반곡동,cp_bnu_018,"예술, 스포츠 및 여가관련 서비스업",22
2021,29010513,반곡동,cp_bnu_019,"협회 및 단체, 수리 및 기타 개인 서비스업",34
2021,29010514,도담동,cp_bnu_003,제조업,32
2021,29010514,도담동,cp_bnu_006,건설업,41
2021,29010514,도담동,cp_bnu_007,도매 및 소매업,224
2021,29010514,도담동,cp_bnu_008,운수 및 창고업,28
2021,29010514,도담동,cp_bnu_009,숙박 및 음식점업,243
2021,29010514,도담동,cp_bnu_010,정보통신업,23
2021,29010514,도담동,cp_bnu_011,금융 및 보험업,7
2021,29010514,도담동,cp_bnu_012,부동산업,178
2021,29010514,도담동,cp_bnu_013,"전문, 과학 및 기술 서비스업",46
2021,29010514,도담동,cp_bnu_014,"사업시설관리, 사업지원 및 임대 서비스업",23
2021,29010514,도담동,cp_bnu_016,교육 서비스업,157
2021,29010514,도담동,cp_bnu_017,보건업 및 사회복지 서비스업,57
2021,29010514,도담동,cp_bnu_018,"예술, 스포츠 및 여가관련 서비스업",51
2021,29010514,도담동,cp_bnu_019,"협회 및 단체, 수리 및 기타 개인 서비스업",104
2021,29010515,어진동,cp_bnu_001,"농업, 임업 및 어업",7
2021,29010515,어진동,cp_bnu_003,제조업,58
2021,29010515,어진동,cp_bnu_004,"전기, 가스, 증기 및 공기조절 공급업",6
2021,29010515,어진동,cp_bnu_006,건설업,61
2021,29010515,어진동,cp_bnu_007,도매 및 소매업,420
2021,29010515,어진동,cp_bnu_008,운수 및 창고업,19
2021,29010515,어진동,cp_bnu_009,숙박 및 음식점업,326
2021,29010515,어진동,cp_bnu_010,정보통신업,84
2021,29010515,어진동,cp_bnu_011,금융 및 보험업,30
2021,29010515,어진동,cp_bnu_012,부동산업,149
2021,29010515,어진동,cp_bnu_013,"전문, 과학 및 기술 서비스업",122
2021,29010515,어진동,cp_bnu_014,"사업시설관리, 사업지원 및 임대 서비스업",50
2021,29010515,어진동,cp_bnu_015,"공공행정, 국방 및 사회보장 행정",72
2021,29010515,어진동,cp_bnu_016,교육 서비스업,50
2021,29010515,어진동,cp_bnu_017,보건업 및 사회복지 서비스업,50
2021,29010515,어진동,cp_bnu_018,"예술, 스포츠 및 여가관련 서비스업",35
2021,29010515,어진동,cp_bnu_019,"협회 및 단체, 수리 및 기타 개인 서비스업",74
2021,29010521,새롬동,cp_bnu_003,제조업,14
2021,29010521,새롬동,cp_bnu_006,건설업,29
2021,29010521,새롬동,cp_bnu_007,도매 및 소매업,256
2021,29010521,새롬동,cp_bnu_008,운수 및 창고업,22
2021,29010521,새롬동,cp_bnu_009,숙박 및 음식점업,160
2021,29010521,새롬동,cp_bnu_010,정보통신업,31
2021,29010521,새롬동,cp_bnu_011,금융 및 보험업,5
2021,29010521,새롬동,cp_bnu_012,부동산업,156
2021,29010521,새롬동,cp_bnu_013,"전문, 과학 및 기술 서비스업",30
2021,29010521,새롬동,cp_bnu_014,"사업시설관리, 사업지원 및 임대 서비스업",25
2021,29010521,새롬동,cp_bnu_016,교육 서비스업,261
2021,29010521,새롬동,cp_bnu_017,보건업 및 사회복지 서비스업,70
2021,29010521,새롬동,cp_bnu_018,"예술, 스포츠 및 여가관련 서비스업",33
2021,29010521,새롬동,cp_bnu_019,"협회 및 단체, 수리 및 기타 개인 서비스업",79
2021,29010522,나성동,cp_bnu_003,제조업,67
2021,29010522,나성동,cp_bnu_004,"전기, 가스, 증기 및 공기조절 공급업",25
2021,29010522,나성동,cp_bnu_005,"수도, 하수 및 폐기물처리, 원료 재생업",6
2021,29010522,나성동,cp_bnu_006,건설업,103
2021,29010522,나성동,cp_bnu_007,도매 및 소매업,420
2021,29010522,나성동,cp_bnu_008,운수 및 창고업,19
2021,29010522,나성동,cp_bnu_009,숙박 및 음식점업,487
2021,29010522,나성동,cp_bnu_010,정보통신업,101
2021,29010522,나성동,cp_bnu_011,금융 및 보험업,68
2021,29010522,나성동,cp_bnu_012,부동산업,317
2021,29010522,나성동,cp_bnu_013,"전문, 과학 및 기술 서비스업",205
2021,29010522,나성동,cp_bnu_014,"사업시설관리, 사업지원 및 임대 서비스업",87
2021,29010522,나성동,cp_bnu_015,"공공행정, 국방 및 사회보장 행정",9
2021,29010522,나성동,cp_bnu_016,교육 서비스업,161
2021,29010522,나성동,cp_bnu_017,보건업 및 사회복지 서비스업,92
2021,29010522,나성동,cp_bnu_018,"예술, 스포츠 및 여가관련 서비스업",102
2021,29010522,나성동,cp_bnu_019,"협회 및 단체, 수리 및 기타 개인 서비스업",187
2021,29010560,종촌동,cp_bnu_003,제조업,25
2021,29010560,종촌동,cp_bnu_004,"전기, 가스, 증기 및 공기조절 공급업",7
2021,29010560,종촌동,cp_bnu_006,건설업,37
2021,29010560,종촌동,cp_bnu_007,도매 및 소매업,261
2021,29010560,종촌동,cp_bnu_008,운수 및 창고업,15
2021,29010560,종촌동,cp_bnu_009,숙박 및 음식점업,136
2021,29010560,종촌동,cp_bnu_010,정보통신업,29
2021,29010560,종촌동,cp_bnu_011,금융 및 보험업,6
2021,29010560,종촌동,cp_bnu_012,부동산업,86
2021,29010560,종촌동,cp_bnu_013,"전문, 과학 및 기술 서비스업",27
2021,29010560,종촌동,cp_bnu_014,"사업시설관리, 사업지원 및 임대 서비스업",20
2021,29010560,종촌동,cp_bnu_016,교육 서비스업,211
2021,29010560,종촌동,cp_bnu_017,보건업 및 사회복지 서비스업,76
2021,29010560,종촌동,cp_bnu_018,"예술, 스포츠 및 여가관련 서비스업",35
2021,29010560,종촌동,cp_bnu_019,"협회 및 단체, 수리 및 기타 개인 서비스업",86
2021,29010590,아름동,cp_bnu_003,제조업,16
2021,29010590,아름동,cp_bnu_005,"수도, 하수 및 폐기물처리, 원료 재생업",7
2021,29010590,아름동,cp_bnu_006,건설업,28
2021,29010590,아름동,cp_bnu_007,도매 및 소매업,230
2021,29010590,아름동,cp_bnu_008,운수 및 창고업,15
2021,29010590,아름동,cp_bnu_009,숙박 및 음식점업,186
2021,29010590,아름동,cp_bnu_010,정보통신업,33
2021,29010590,아름동,cp_bnu_011,금융 및 보험업,8
2021,29010590,아름동,cp_bnu_012,부동산업,119
2021,29010590,아름동,cp_bnu_013,"전문, 과학 및 기술 서비스업",54
2021,29010590,아름동,cp_bnu_014,"사업시설관리, 사업지원 및 임대 서비스업",26
2021,29010590,아름동,cp_bnu_016,교육 서비스업,274
2021,29010590,아름동,cp_bnu_017,보건업 및 사회복지 서비스업,58
2021,29010590,아름동,cp_bnu_018,"예술, 스포츠 및 여가관련 서비스업",56
2021,29010590,아름동,cp_bnu_019,"협회 및 단체, 수리 및 기타 개인 서비스업",98
2021,29010600,고운동,cp_bnu_003,제조업,47
2021,29010600,고운동,cp_bnu_006,건설업,100
2021,29010600,고운동,cp_bnu_007,도매 및 소매업,356
2021,29010600,고운동,cp_bnu_008,운수 및 창고업,32
2021,29010600,고운동,cp_bnu_009,숙박 및 음식점업,201
2021,29010600,고운동,cp_bnu_010,정보통신업,41
2021,29010600,고운동,cp_bnu_011,금융 및 보험업,11
2021,29010600,고운동,cp_bnu_012,부동산업,201
2021,29010600,고운동,cp_bnu_013,"전문, 과학 및 기술 서비스업",54
2021,29010600,고운동,cp_bnu_014,"사업시설관리, 사업지원 및 임대 서비스업",45
2021,29010600,고운동,cp_bnu_016,교육 서비스업,292
2021,29010600,고운동,cp_bnu_017,보건업 및 사회복지 서비스업,62
2021,29010600,고운동,cp_bnu_018,"예술, 스포츠 및 여가관련 서비스업",47
2021,29010600,고운동,cp_bnu_019,"협회 및 단체, 수리 및 기타 개인 서비스업",171
2021,29010610,한솔동,cp_bnu_003,제조업,18
2021,29010610,한솔동,cp_bnu_004,"전기, 가스, 증기 및 공기조절 공급업",5
2021,29010610,한솔동,cp_bnu_006,건설업,24
2021,29010610,한솔동,cp_bnu_007,도매 및 소매업,201
2021,29010610,한솔동,cp_bnu_008,운수 및 창고업,9
2021,29010610,한솔동,cp_bnu_009,숙박 및 음식점업,102
2021,29010610,한솔동,cp_bnu_010,정보통신업,27
2021,29010610,한솔동,cp_bnu_012,부동산업,74
2021,29010610,한솔동,cp_bnu_013,"전문, 과학 및 기술 서비스업",25
2021,29010610,한솔동,cp_bnu_014,"사업시설관리, 사업지원 및 임대 서비스업",17
2021,29010610,한솔동,cp_bnu_016,교육 서비스업,116
2021,29010610,한솔동,cp_bnu_017,보건업 및 사회복지 서비스업,25
2021,29010610,한솔동,cp_bnu_018,"예술, 스포츠 및 여가관련 서비스업",27
2021,29010610,한솔동,cp_bnu_019,"협회 및 단체, 수리 및 기타 개인 서비스업",70
2021,29010640,대평동,cp_bnu_003,제조업,18
2021,29010640,대평동,cp_bnu_006,건설업,52
2021,29010640,대평동,cp_bnu_007,도매 및 소매업,140
2021,29010640,대평동,cp_bnu_008,운수 및 창고업,12
2021,29010640,대평동,cp_bnu_009,숙박 및 음식점업,90
2021,29010640,대평동,cp_bnu_010,정보통신업,15
2021,29010640,대평동,cp_bnu_011,금융 및 보험업,5
2021,29010640,대평동,cp_bnu_012,부동산업,91
2021,29010640,대평동,cp_bnu_013,"전문, 과학 및 기술 서비스업",38
2021,29010640,대평동,cp_bnu_014,"사업시설관리, 사업지원 및 임대 서비스업",21
2021,29010640,대평동,cp_bnu_016,교육 서비스업,78
2021,29010640,대평동,cp_bnu_017,보건업 및 사회복지 서비스업,37
2021,29010640,대평동,cp_bnu_018,"예술, 스포츠 및 여가관련 서비스업",24
2021,29010640,대평동,cp_bnu_019,"협회 및 단체, 수리 및 기타 개인 서비스업",72
2021,29010660,보람동,cp_bnu_003,제조업,37
2021,29010660,보람동,cp_bnu_006,건설업,295
2021,29010660,보람동,cp_bnu_007,도매 및 소매업,300
2021,29010660,보람동,cp_bnu_008,운수 및 창고업,10
2021,29010660,보람동,cp_bnu_009,숙박 및 음식점업,314
2021,29010660,보람동,cp_bnu_010,정보통신업,45
2021,29010660,보람동,cp_bnu_011,금융 및 보험업,17
2021,29010660,보람동,cp_bnu_012,부동산업,214
2021,29010660,보람동,cp_bnu_013,"전문, 과학 및 기술 서비스업",137
2021,29010660,보람동,cp_bnu_014,"사업시설관리, 사업지원 및 임대 서비스업",49
2021,29010660,보람동,cp_bnu_015,"공공행정, 국방 및 사회보장 행정",15
2021,29010660,보람동,cp_bnu_016,교육 서비스업,188
2021,29010660,보람동,cp_bnu_017,보건업 및 사회복지 서비스업,51
2021,29010660,보람동,cp_bnu_018,"예술, 스포츠 및 여가관련 서비스업",60
2021,29010660,보람동,cp_bnu_019,"협회 및 단체, 수리 및 기타 개인 서비스업",125
2021,29010680,다정동,cp_bnu_003,제조업,21
2021,29010680,다정동,cp_bnu_006,건설업,20
2021,29010680,다정동,cp_bnu_007,도매 및 소매업,240
2021,29010680,다정동,cp_bnu_008,운수 및 창고업,19
2021,29010680,다정동,cp_bnu_009,숙박 및 음식점업,104
2021,29010680,다정동,cp_bnu_010,정보통신업,29
2021,29010680,다정동,cp_bnu_011,금융 및 보험업,7
2021,29010680,다정동,cp_bnu_012,부동산업,125
2021,29010680,다정동,cp_bnu_013,"전문, 과학 및 기술 서비스업",30
2021,29010680,다정동,cp_bnu_014,"사업시설관리, 사업지원 및 임대 서비스업",12
2021,29010680,다정동,cp_bnu_016,교육 서비스업,213
2021,29010680,다정동,cp_bnu_017,보건업 및 사회복지 서비스업,57
2021,29010680,다정동,cp_bnu_018,"예술, 스포츠 및 여가관련 서비스업",20
2021,29010680,다정동,cp_bnu_019,"협회 및 단체, 수리 및 기타 개인 서비스업",80
2021,29010710,소담동,cp_bnu_003,제조업,30
2021,29010710,소담동,cp_bnu_006,건설업,35
2021,29010710,소담동,cp_bnu_007,도매 및 소매업,231
2021,29010710,소담동,cp_bnu_008,운수 및 창고업,19
2021,29010710,소담동,cp_bnu_009,숙박 및 음식점업,125
2021,29010710,소담동,cp_bnu_010,정보통신업,33
2021,29010710,소담동,cp_bnu_011,금융 및 보험업,7
2021,29010710,소담동,cp_bnu_012,부동산업,167
2021,29010710,소담동,cp_bnu_013,"전문, 과학 및 기술 서비스업",55
2021,29010710,소담동,cp_bnu_014,"사업시설관리, 사업지원 및 임대 서비스업",26
2021,29010710,소담동,cp_bnu_016,교육 서비스업,184
2021,29010710,소담동,cp_bnu_017,보건업 및 사회복지 서비스업,49
2021,29010710,소담동,cp_bnu_018,"예술, 스포츠 및 여가관련 서비스업",26
2021,29010710,소담동,cp_bnu_019,"협회 및 단체, 수리 및 기타 개인 서비스업",60
2022,29010110,조치원읍,cp_bnu_003,제조업,271
2022,29010110,조치원읍,cp_bnu_004,"전기, 가스, 증기 및 공기조절 공급업",28
2022,29010110,조치원읍,cp_bnu_005,"수도, 하수 및 폐기물처리, 원료 재생업",14
2022,29010110,조치원읍,cp_bnu_006,건설업,384
2022,29010110,조치원읍,cp_bnu_007,도매 및 소매업,1298
2022,29010110,조치원읍,cp_bnu_008,운수 및 창고업,143
2022,29010110,조치원읍,cp_bnu_009,숙박 및 음식점업,1007
2022,29010110,조치원읍,cp_bnu_010,정보통신업,80
2022,29010110,조치원읍,cp_bnu_011,금융 및 보험업,32
2022,29010110,조치원읍,cp_bnu_012,부동산업,218
2022,29010110,조치원읍,cp_bnu_013,"전문, 과학 및 기술 서비스업",213
2022,29010110,조치원읍,cp_bnu_014,"사업시설관리, 사업지원 및 임대 서비스업",153
2022,29010110,조치원읍,cp_bnu_015,"공공행정, 국방 및 사회보장 행정",13
2022,29010110,조치원읍,cp_bnu_016,교육 서비스업,203
2022,29010110,조치원읍,cp_bnu_017,보건업 및 사회복지 서비스업,162
2022,29010110,조치원읍,cp_bnu_018,"예술, 스포츠 및 여가관련 서비스업",182
2022,29010110,조치원읍,cp_bnu_019,"협회 및 단체, 수리 및 기타 개인 서비스업",529
2022,29010311,연기면,cp_bnu_003,제조업,54
2022,29010311,연기면,cp_bnu_004,"전기, 가스, 증기 및 공기조절 공급업",11
2022,29010311,연기면,cp_bnu_006,건설업,73
2022,29010311,연기면,cp_bnu_007,도매 및 소매업,73
2022,29010311,연기면,cp_bnu_008,운수 및 창고업,42
2022,29010311,연기면,cp_bnu_009,숙박 및 음식점업,43
2022,29010311,연기면,cp_bnu_010,정보통신업,5
2022,29010311,연기면,cp_bnu_012,부동산업,47
2022,29010311,연기면,cp_bnu_013,"전문, 과학 및 기술 서비스업",6
2022,29010311,연기면,cp_bnu_014,"사업시설관리, 사업지원 및 임대 서비스업",10
2022,29010311,연기면,cp_bnu_016,교육 서비스업,6
2022,29010311,연기면,cp_bnu_017,보건업 및 사회복지 서비스업,7
2022,29010311,연기면,cp_bnu_018,"예술, 스포츠 및 여가관련 서비스업",12
2022,29010311,연기면,cp_bnu_019,"협회 및 단체, 수리 및 기타 개인 서비스업",42
2022,29010312,연동면,cp_bnu_001,"농업, 임업 및 어업",9
2022,29010312,연동면,cp_bnu_003,제조업,114
2022,29010312,연동면,cp_bnu_004,"전기, 가스, 증기 및 공기조절 공급업",55
2022,29010312,연동면,cp_bnu_006,건설업,27
2022,29010312,연동면,cp_bnu_007,도매 및 소매업,94
2022,29010312,연동면,cp_bnu_008,운수 및 창고업,36
2022,29010312,연동면,cp_bnu_009,숙박 및 음식점업,44
2022,29010312,연동면,cp_bnu_010,정보통신업,7
2022,29010312,연동면,cp_bnu_012,부동산업,59
2022,29010312,연동면,cp_bnu_013,"전문, 과학 및 기술 서비스업",10
2022,29010312,연동면,cp_bnu_014,"사업시설관리, 사업지원 및 임대 서비스업",14
2022,29010312,연동면,cp_bnu_016,교육 서비스업,5
2022,29010312,연동면,cp_bnu_017,보건업 및 사회복지 서비스업,6
2022,29010312,연동면,cp_bnu_019,"협회 및 단체, 수리 및 기타 개인 서비스업",29
2022,29010330,부강면,cp_bnu_003,제조업,220
2022,29010330,부강면,cp_bnu_004,"전기, 가스, 증기 및 공기조절 공급업",34
2022,29010330,부강면,cp_bnu_005,"수도, 하수 및 폐기물처리, 원료 재생업",17
2022,29010330,부강면,cp_bnu_006,건설업,172
2022,29010330,부강면,cp_bnu_007,도매 및 소매업,222
2022,29010330,부강면,cp_bnu_008,운수 및 창고업,197
2022,29010330,부강면,cp_bnu_009,숙박 및 음식점업,188
2022,29010330,부강면,cp_bnu_010,정보통신업,7
2022,29010330,부강면,cp_bnu_011,금융 및 보험업,6
2022,29010330,부강면,cp_bnu_012,부동산업,65
2022,29010330,부강면,cp_bnu_013,"전문, 과학 및 기술 서비스업",12
2022,29010330,부강면,cp_bnu_014,"사업시설관리, 사업지원 및 임대 서비스업",39
2022,29010330,부강면,cp_bnu_016,교육 서비스업,14
2022,29010330,부강면,cp_bnu_017,보건업 및 사회복지 서비스업,19
2022,29010330,부강면,cp_bnu_018,"예술, 스포츠 및 여가관련 서비스업",25
2022,29010330,부강면,cp_bnu_019,"협회 및 단체, 수리 및 기타 개인 서비스업",79
2022,29010340,금남면,cp_bnu_001,"농업, 임업 및 어업",10
2022,29010340,금남면,cp_bnu_003,제조업,109
2022,29010340,금남면,cp_bnu_004,"전기, 가스, 증기 및 공기조절 공급업",35
2022,29010340,금남면,cp_bnu_006,건설업,209
2022,29010340,금남면,cp_bnu_007,도매 및 소매업,278
2022,29010340,금남면,cp_bnu_008,운수 및 창고업,105
2022,29010340,금남면,cp_bnu_009,숙박 및 음식점업,215
2022,29010340,금남면,cp_bnu_010,정보통신업,12
2022,29010340,금남면,cp_bnu_011,금융 및 보험업,10
2022,29010340,금남면,cp_bnu_012,부동산업,99
2022,29010340,금남면,cp_bnu_013,"전문, 과학 및 기술 서비스업",25
2022,29010340,금남면,cp_bnu_014,"사업시설관리, 사업지원 및 임대 서비스업",47
2022,29010340,금남면,cp_bnu_016,교육 서비스업,21
2022,29010340,금남면,cp_bnu_017,보건업 및 사회복지 서비스업,24
2022,29010340,금남면,cp_bnu_018,"예술, 스포츠 및 여가관련 서비스업",29
2022,29010340,금남면,cp_bnu_019,"협회 및 단체, 수리 및 기타 개인 서비스업",120
2022,29010350,장군면,cp_bnu_001,"농업, 임업 및 어업",6
2022,29010350,장군면,cp_bnu_003,제조업,90
2022,29010350,장군면,cp_bnu_004,"전기, 가스, 증기 및 공기조절 공급업",40
2022,29010350,장군면,cp_bnu_006,건설업,99
2022,29010350,장군면,cp_bnu_007,도매 및 소매업,217
2022,29010350,장군면,cp_bnu_008,운수 및 창고업,182
2022,29010350,장군면,cp_bnu_009,숙박 및 음식점업,168
2022,29010350,장군면,cp_bnu_010,정보통신업,29
2022,29010350,장군면,cp_bnu_011,금융 및 보험업,8
2022,29010350,장군면,cp_bnu_012,부동산업,148
2022,29010350,장군면,cp_bnu_013,"전문, 과학 및 기술 서비스업",27
2022,29010350,장군면,cp_bnu_014,"사업시설관리, 사업지원 및 임대 서비스업",39
2022,29010350,장군면,cp_bnu_016,교육 서비스업,26
2022,29010350,장군면,cp_bnu_017,보건업 및 사회복지 서비스업,16
2022,29010350,장군면,cp_bnu_018,"예술, 스포츠 및 여가관련 서비스업",33
2022,29010350,장군면,cp_bnu_019,"협회 및 단체, 수리 및 기타 개인 서비스업",110
2022,29010360,연서면,cp_bnu_001,"농업, 임업 및 어업",9
2022,29010360,연서면,cp_bnu_003,제조업,165
2022,29010360,연서면,cp_bnu_004,"전기, 가스, 증기 및 공기조절 공급업",42
2022,29010360,연서면,cp_bnu_005,"수도, 하수 및 폐기물처리, 원료 재생업",9
2022,29010360,연서면,cp_bnu_006,건설업,120
2022,29010360,연서면,cp_bnu_007,도매 및 소매업,274
2022,29010360,연서면,cp_bnu_008,운수 및 창고업,49
2022,29010360,연서면,cp_bnu_009,숙박 및 음식점업,134
2022,29010360,연서면,cp_bnu_010,정보통신업,21
2022,29010360,연서면,cp_bnu_011,금융 및 보험업,5
2022,29010360,연서면,cp_bnu_012,부동산업,90
2022,29010360,연서면,cp_bnu_013,"전문, 과학 및 기술 서비스업",19
2022,29010360,연서면,cp_bnu_014,"사업시설관리, 사업지원 및 임대 서비스업",19
2022,29010360,연서면,cp_bnu_015,"공공행정, 국방 및 사회보장 행정",7
2022,29010360,연서면,cp_bnu_016,교육 서비스업,25
2022,29010360,연서면,cp_bnu_017,보건업 및 사회복지 서비스업,28
2022,29010360,연서면,cp_bnu_018,"예술, 스포츠 및 여가관련 서비스업",23
2022,29010360,연서면,cp_bnu_019,"협회 및 단체, 수리 및 기타 개인 서비스업",98
2022,29010370,전의면,cp_bnu_001,"농업, 임업 및 어업",13
2022,29010370,전의면,cp_bnu_003,제조업,200
2022,29010370,전의면,cp_bnu_004,"전기, 가스, 증기 및 공기조절 공급업",23
2022,29010370,전의면,cp_bnu_005,"수도, 하수 및 폐기물처리, 원료 재생업",10
2022,29010370,전의면,cp_bnu_006,건설업,187
2022,29010370,전의면,cp_bnu_007,도매 및 소매업,171
2022,29010370,전의면,cp_bnu_008,운수 및 창고업,266
2022,29010370,전의면,cp_bnu_009,숙박 및 음식점업,121
2022,29010370,전의면,cp_bnu_010,정보통신업,5
2022,29010370,전의면,cp_bnu_011,금융 및 보험업,5
2022,29010370,전의면,cp_bnu_012,부동산업,38
2022,29010370,전의면,cp_bnu_013,"전문, 과학 및 기술 서비스업",13
2022,29010370,전의면,cp_bnu_014,"사업시설관리, 사업지원 및 임대 서비스업",27
2022,29010370,전의면,cp_bnu_016,교육 서비스업,15
2022,29010370,전의면,cp_bnu_017,보건업 및 사회복지 서비스업,21
2022,29010370,전의면,cp_bnu_018,"예술, 스포츠 및 여가관련 서비스업",18
2022,29010370,전의면,cp_bnu_019,"협회 및 단체, 수리 및 기타 개인 서비스업",69
2022,29010380,전동면,cp_bnu_001,"농업, 임업 및 어업",6
2022,29010380,전동면,cp_bnu_003,제조업,152
2022,29010380,전동면,cp_bnu_004,"전기, 가스, 증기 및 공기조절 공급업",36
2022,29010380,전동면,cp_bnu_005,"수도, 하수 및 폐기물처리, 원료 재생업",13
2022,29010380,전동면,cp_bnu_006,건설업,54
2022,29010380,전동면,cp_bnu_007,도매 및 소매업,83
2022,29010380,전동면,cp_bnu_008,운수 및 창고업,13
2022,29010380,전동면,cp_bnu_009,숙박 및 음식점업,38
2022,29010380,전동면,cp_bnu_010,정보통신업,7
2022,29010380,전동면,cp_bnu_012,부동산업,17
2022,29010380,전동면,cp_bnu_013,"전문, 과학 및 기술 서비스업",9
2022,29010380,전동면,cp_bnu_014,"사업시설관리, 사업지원 및 임대 서비스업",11
2022,29010380,전동면,cp_bnu_016,교육 서비스업,5
2022,29010380,전동면,cp_bnu_017,보건업 및 사회복지 서비스업,13
2022,29010380,전동면,cp_bnu_018,"예술, 스포츠 및 여가관련 서비스업",8
2022,29010380,전동면,cp_bnu_019,"협회 및 단체, 수리 및 기타 개인 서비스업",30
2022,29010390,소정면,cp_bnu_003,제조업,100
2022,29010390,소정면,cp_bnu_004,"전기, 가스, 증기 및 공기조절 공급업",11
2022,29010390,소정면,cp_bnu_006,건설업,41
2022,29010390,소정면,cp_bnu_007,도매 및 소매업,101
2022,29010390,소정면,cp_bnu_008,운수 및 창고업,135
2022,29010390,소정면,cp_bnu_009,숙박 및 음식점업,61
2022,29010390,소정면,cp_bnu_012,부동산업,8
2022,29010390,소정면,cp_bnu_013,"전문, 과학 및 기술 서비스업",5
2022,29010390,소정면,cp_bnu_014,"사업시설관리, 사업지원 및 임대 서비스업",10
2022,29010390,소정면,cp_bnu_016,교육 서비스업,8
2022,29010390,소정면,cp_bnu_018,"예술, 스포츠 및 여가관련 서비스업",5
2022,29010390,소정면,cp_bnu_019,"협회 및 단체, 수리 및 기타 개인 서비스업",29
2022,29010512,해밀동,cp_bnu_006,건설업,9
2022,29010512,해밀동,cp_bnu_007,도매 및 소매업,73
2022,29010512,해밀동,cp_bnu_008,운수 및 창고업,6
2022,29010512,해밀동,cp_bnu_009,숙박 및 음식점업,31
2022,29010512,해밀동,cp_bnu_010,정보통신업,5
2022,29010512,해밀동,cp_bnu_012,부동산업,39
2022,29010512,해밀동,cp_bnu_013,"전문, 과학 및 기술 서비스업",9
2022,29010512,해밀동,cp_bnu_014,"사업시설관리, 사업지원 및 임대 서비스업",8
2022,29010512,해밀동,cp_bnu_016,교육 서비스업,55
2022,29010512,해밀동,cp_bnu_017,보건업 및 사회복지 서비스업,16
2022,29010512,해밀동,cp_bnu_018,"예술, 스포츠 및 여가관련 서비스업",6
2022,29010512,해밀동,cp_bnu_019,"협회 및 단체, 수리 및 기타 개인 서비스업",13
2022,29010513,반곡동,cp_bnu_003,제조업,63
2022,29010513,반곡동,cp_bnu_006,건설업,31
2022,29010513,반곡동,cp_bnu_007,도매 및 소매업,279
2022,29010513,반곡동,cp_bnu_008,운수 및 창고업,15
2022,29010513,반곡동,cp_bnu_009,숙박 및 음식점업,133
2022,29010513,반곡동,cp_bnu_010,정보통신업,91
2022,29010513,반곡동,cp_bnu_011,금융 및 보험업,10
2022,29010513,반곡동,cp_bnu_012,부동산업,121
2022,29010513,반곡동,cp_bnu_013,"전문, 과학 및 기술 서비스업",144
2022,29010513,반곡동,cp_bnu_014,"사업시설관리, 사업지원 및 임대 서비스업",28
2022,29010513,반곡동,cp_bnu_016,교육 서비스업,148
2022,29010513,반곡동,cp_bnu_017,보건업 및 사회복지 서비스업,47
2022,29010513,반곡동,cp_bnu_018,"예술, 스포츠 및 여가관련 서비스업",25
2022,29010513,반곡동,cp_bnu_019,"협회 및 단체, 수리 및 기타 개인 서비스업",46
2022,29010514,도담동,cp_bnu_003,제조업,29
2022,29010514,도담동,cp_bnu_006,건설업,38
2022,29010514,도담동,cp_bnu_007,도매 및 소매업,262
2022,29010514,도담동,cp_bnu_008,운수 및 창고업,27
2022,29010514,도담동,cp_bnu_009,숙박 및 음식점업,247
2022,29010514,도담동,cp_bnu_010,정보통신업,27
2022,29010514,도담동,cp_bnu_011,금융 및 보험업,8
2022,29010514,도담동,cp_bnu_012,부동산업,167
2022,29010514,도담동,cp_bnu_013,"전문, 과학 및 기술 서비스업",45
2022,29010514,도담동,cp_bnu_014,"사업시설관리, 사업지원 및 임대 서비스업",22
2022,29010514,도담동,cp_bnu_016,교육 서비스업,162
2022,29010514,도담동,cp_bnu_017,보건업 및 사회복지 서비스업,61
2022,29010514,도담동,cp_bnu_018,"예술, 스포츠 및 여가관련 서비스업",54
2022,29010514,도담동,cp_bnu_019,"협회 및 단체, 수리 및 기타 개인 서비스업",110
2022,29010515,어진동,cp_bnu_001,"농업, 임업 및 어업",6
2022,29010515,어진동,cp_bnu_003,제조업,64
2022,29010515,어진동,cp_bnu_004,"전기, 가스, 증기 및 공기조절 공급업",6
2022,29010515,어진동,cp_bnu_006,건설업,69
2022,29010515,어진동,cp_bnu_007,도매 및 소매업,612
2022,29010515,어진동,cp_bnu_008,운수 및 창고업,24
2022,29010515,어진동,cp_bnu_009,숙박 및 음식점업,348
2022,29010515,어진동,cp_bnu_010,정보통신업,97
2022,29010515,어진동,cp_bnu_011,금융 및 보험업,32
2022,29010515,어진동,cp_bnu_012,부동산업,170
2022,29010515,어진동,cp_bnu_013,"전문, 과학 및 기술 서비스업",133
2022,29010515,어진동,cp_bnu_014,"사업시설관리, 사업지원 및 임대 서비스업",60
2022,29010515,어진동,cp_bnu_015,"공공행정, 국방 및 사회보장 행정",73
2022,29010515,어진동,cp_bnu_016,교육 서비스업,70
2022,29010515,어진동,cp_bnu_017,보건업 및 사회복지 서비스업,56
2022,29010515,어진동,cp_bnu_018,"예술, 스포츠 및 여가관련 서비스업",39
2022,29010515,어진동,cp_bnu_019,"협회 및 단체, 수리 및 기타 개인 서비스업",79
2022,29010521,새롬동,cp_bnu_003,제조업,19
2022,29010521,새롬동,cp_bnu_006,건설업,29
2022,29010521,새롬동,cp_bnu_007,도매 및 소매업,277
2022,29010521,새롬동,cp_bnu_008,운수 및 창고업,23
2022,29010521,새롬동,cp_bnu_009,숙박 및 음식점업,177
2022,29010521,새롬동,cp_bnu_010,정보통신업,34
2022,29010521,새롬동,cp_bnu_011,금융 및 보험업,5
2022,29010521,새롬동,cp_bnu_012,부동산업,145
2022,29010521,새롬동,cp_bnu_013,"전문, 과학 및 기술 서비스업",34
2022,29010521,새롬동,cp_bnu_014,"사업시설관리, 사업지원 및 임대 서비스업",23
2022,29010521,새롬동,cp_bnu_016,교육 서비스업,283
2022,29010521,새롬동,cp_bnu_017,보건업 및 사회복지 서비스업,73
2022,29010521,새롬동,cp_bnu_018,"예술, 스포츠 및 여가관련 서비스업",32
2022,29010521,새롬동,cp_bnu_019,"협회 및 단체, 수리 및 기타 개인 서비스업",84
2022,29010522,나성동,cp_bnu_003,제조업,76
2022,29010522,나성동,cp_bnu_004,"전기, 가스, 증기 및 공기조절 공급업",26
2022,29010522,나성동,cp_bnu_006,건설업,113
2022,29010522,나성동,cp_bnu_007,도매 및 소매업,493
2022,29010522,나성동,cp_bnu_008,운수 및 창고업,32
2022,29010522,나성동,cp_bnu_009,숙박 및 음식점업,538
2022,29010522,나성동,cp_bnu_010,정보통신업,119
2022,29010522,나성동,cp_bnu_011,금융 및 보험업,71
2022,29010522,나성동,cp_bnu_012,부동산업,323
2022,29010522,나성동,cp_bnu_013,"전문, 과학 및 기술 서비스업",232
2022,29010522,나성동,cp_bnu_014,"사업시설관리, 사업지원 및 임대 서비스업",103
2022,29010522,나성동,cp_bnu_015,"공공행정, 국방 및 사회보장 행정",9
2022,29010522,나성동,cp_bnu_016,교육 서비스업,221
2022,29010522,나성동,cp_bnu_017,보건업 및 사회복지 서비스업,112
2022,29010522,나성동,cp_bnu_018,"예술, 스포츠 및 여가관련 서비스업",123
2022,29010522,나성동,cp_bnu_019,"협회 및 단체, 수리 및 기타 개인 서비스업",254
2022,29010560,종촌동,cp_bnu_003,제조업,28
2022,29010560,종촌동,cp_bnu_004,"전기, 가스, 증기 및 공기조절 공급업",7
2022,29010560,종촌동,cp_bnu_006,건설업,37
2022,29010560,종촌동,cp_bnu_007,도매 및 소매업,313
2022,29010560,종촌동,cp_bnu_008,운수 및 창고업,16
2022,29010560,종촌동,cp_bnu_009,숙박 및 음식점업,134
2022,29010560,종촌동,cp_bnu_010,정보통신업,31
2022,29010560,종촌동,cp_bnu_011,금융 및 보험업,5
2022,29010560,종촌동,cp_bnu_012,부동산업,85
2022,29010560,종촌동,cp_bnu_013,"전문, 과학 및 기술 서비스업",30
2022,29010560,종촌동,cp_bnu_014,"사업시설관리, 사업지원 및 임대 서비스업",20
2022,29010560,종촌동,cp_bnu_016,교육 서비스업,215
2022,29010560,종촌동,cp_bnu_017,보건업 및 사회복지 서비스업,77
2022,29010560,종촌동,cp_bnu_018,"예술, 스포츠 및 여가관련 서비스업",46
2022,29010560,종촌동,cp_bnu_019,"협회 및 단체, 수리 및 기타 개인 서비스업",84
2022,29010590,아름동,cp_bnu_003,제조업,20
2022,29010590,아름동,cp_bnu_005,"수도, 하수 및 폐기물처리, 원료 재생업",6
2022,29010590,아름동,cp_bnu_006,건설업,31
2022,29010590,아름동,cp_bnu_007,도매 및 소매업,263
2022,29010590,아름동,cp_bnu_008,운수 및 창고업,18
2022,29010590,아름동,cp_bnu_009,숙박 및 음식점업,181
2022,29010590,아름동,cp_bnu_010,정보통신업,37
2022,29010590,아름동,cp_bnu_011,금융 및 보험업,10
2022,29010590,아름동,cp_bnu_012,부동산업,122
2022,29010590,아름동,cp_bnu_013,"전문, 과학 및 기술 서비스업",53
2022,29010590,아름동,cp_bnu_014,"사업시설관리, 사업지원 및 임대 서비스업",32
2022,29010590,아름동,cp_bnu_016,교육 서비스업,294
2022,29010590,아름동,cp_bnu_017,보건업 및 사회복지 서비스업,59
2022,29010590,아름동,cp_bnu_018,"예술, 스포츠 및 여가관련 서비스업",62
2022,29010590,아름동,cp_bnu_019,"협회 및 단체, 수리 및 기타 개인 서비스업",95
2022,29010600,고운동,cp_bnu_003,제조업,46
2022,29010600,고운동,cp_bnu_006,건설업,106
2022,29010600,고운동,cp_bnu_007,도매 및 소매업,419
2022,29010600,고운동,cp_bnu_008,운수 및 창고업,45
2022,29010600,고운동,cp_bnu_009,숙박 및 음식점업,217
2022,29010600,고운동,cp_bnu_010,정보통신업,49
2022,29010600,고운동,cp_bnu_011,금융 및 보험업,12
2022,29010600,고운동,cp_bnu_012,부동산업,182
2022,29010600,고운동,cp_bnu_013,"전문, 과학 및 기술 서비스업",58
2022,29010600,고운동,cp_bnu_014,"사업시설관리, 사업지원 및 임대 서비스업",49
2022,29010600,고운동,cp_bnu_016,교육 서비스업,308
2022,29010600,고운동,cp_bnu_017,보건업 및 사회복지 서비스업,71
2022,29010600,고운동,cp_bnu_018,"예술, 스포츠 및 여가관련 서비스업",57
2022,29010600,고운동,cp_bnu_019,"협회 및 단체, 수리 및 기타 개인 서비스업",187
2022,29010610,한솔동,cp_bnu_003,제조업,18
2022,29010610,한솔동,cp_bnu_004,"전기, 가스, 증기 및 공기조절 공급업",5
2022,29010610,한솔동,cp_bnu_006,건설업,26
2022,29010610,한솔동,cp_bnu_007,도매 및 소매업,235
2022,29010610,한솔동,cp_bnu_008,운수 및 창고업,10
2022,29010610,한솔동,cp_bnu_009,숙박 및 음식점업,110
2022,29010610,한솔동,cp_bnu_010,정보통신업,36
2022,29010610,한솔동,cp_bnu_012,부동산업,69
2022,29010610,한솔동,cp_bnu_013,"전문, 과학 및 기술 서비스업",30
2022,29010610,한솔동,cp_bnu_014,"사업시설관리, 사업지원 및 임대 서비스업",13
2022,29010610,한솔동,cp_bnu_016,교육 서비스업,113
2022,29010610,한솔동,cp_bnu_017,보건업 및 사회복지 서비스업,25
2022,29010610,한솔동,cp_bnu_018,"예술, 스포츠 및 여가관련 서비스업",25
2022,29010610,한솔동,cp_bnu_019,"협회 및 단체, 수리 및 기타 개인 서비스업",68
2022,29010640,대평동,cp_bnu_003,제조업,21
2022,29010640,대평동,cp_bnu_006,건설업,60
2022,29010640,대평동,cp_bnu_007,도매 및 소매업,174
2022,29010640,대평동,cp_bnu_008,운수 및 창고업,18
2022,29010640,대평동,cp_bnu_009,숙박 및 음식점업,87
2022,29010640,대평동,cp_bnu_010,정보통신업,19
2022,29010640,대평동,cp_bnu_012,부동산업,105
2022,29010640,대평동,cp_bnu_013,"전문, 과학 및 기술 서비스업",50
2022,29010640,대평동,cp_bnu_014,"사업시설관리, 사업지원 및 임대 서비스업",25
2022,29010640,대평동,cp_bnu_016,교육 서비스업,96
2022,29010640,대평동,cp_bnu_017,보건업 및 사회복지 서비스업,39
2022,29010640,대평동,cp_bnu_018,"예술, 스포츠 및 여가관련 서비스업",27
2022,29010640,대평동,cp_bnu_019,"협회 및 단체, 수리 및 기타 개인 서비스업",82
2022,29010660,보람동,cp_bnu_003,제조업,36
2022,29010660,보람동,cp_bnu_006,건설업,308
2022,29010660,보람동,cp_bnu_007,도매 및 소매업,318
2022,29010660,보람동,cp_bnu_008,운수 및 창고업,10
2022,29010660,보람동,cp_bnu_009,숙박 및 음식점업,330
2022,29010660,보람동,cp_bnu_010,정보통신업,60
2022,29010660,보람동,cp_bnu_011,금융 및 보험업,16
2022,29010660,보람동,cp_bnu_012,부동산업,224
2022,29010660,보람동,cp_bnu_013,"전문, 과학 및 기술 서비스업",144
2022,29010660,보람동,cp_bnu_014,"사업시설관리, 사업지원 및 임대 서비스업",44
2022,29010660,보람동,cp_bnu_015,"공공행정, 국방 및 사회보장 행정",17
2022,29010660,보람동,cp_bnu_016,교육 서비스업,207
2022,29010660,보람동,cp_bnu_017,보건업 및 사회복지 서비스업,53
2022,29010660,보람동,cp_bnu_018,"예술, 스포츠 및 여가관련 서비스업",70
2022,29010660,보람동,cp_bnu_019,"협회 및 단체, 수리 및 기타 개인 서비스업",140
2022,29010680,다정동,cp_bnu_003,제조업,22
2022,29010680,다정동,cp_bnu_006,건설업,20
2022,29010680,다정동,cp_bnu_007,도매 및 소매업,284
2022,29010680,다정동,cp_bnu_008,운수 및 창고업,25
2022,29010680,다정동,cp_bnu_009,숙박 및 음식점업,114
2022,29010680,다정동,cp_bnu_010,정보통신업,36
2022,29010680,다정동,cp_bnu_011,금융 및 보험업,7
2022,29010680,다정동,cp_bnu_012,부동산업,126
2022,29010680,다정동,cp_bnu_013,"전문, 과학 및 기술 서비스업",40
2022,29010680,다정동,cp_bnu_014,"사업시설관리, 사업지원 및 임대 서비스업",20
2022,29010680,다정동,cp_bnu_016,교육 서비스업,241
2022,29010680,다정동,cp_bnu_017,보건업 및 사회복지 서비스업,58
2022,29010680,다정동,cp_bnu_018,"예술, 스포츠 및 여가관련 서비스업",24
2022,29010680,다정동,cp_bnu_019,"협회 및 단체, 수리 및 기타 개인 서비스업",86
2022,29010710,소담동,cp_bnu_003,제조업,30
2022,29010710,소담동,cp_bnu_006,건설업,34
2022,29010710,소담동,cp_bnu_007,도매 및 소매업,266
2022,29010710,소담동,cp_bnu_008,운수 및 창고업,21
2022,29010710,소담동,cp_bnu_009,숙박 및 음식점업,137
2022,29010710,소담동,cp_bnu_010,정보통신업,43
2022,29010710,소담동,cp_bnu_011,금융 및 보험업,8
2022,29010710,소담동,cp_bnu_012,부동산업,173
2022,29010710,소담동,cp_bnu_013,"전문, 과학 및 기술 서비스업",55
2022,29010710,소담동,cp_bnu_014,"사업시설관리, 사업지원 및 임대 서비스업",32
2022,29010710,소담동,cp_bnu_016,교육 서비스업,206
2022,29010710,소담동,cp_bnu_017,보건업 및 사회복지 서비스업,52
2022,29010710,소담동,cp_bnu_018,"예술, 스포츠 및 여가관련 서비스업",31
2022,29010710,소담동,cp_bnu_019,"협회 및 단체, 수리 및 기타 개인 서비스업",69
